,Name,Nation
1,Amak,Water Tribe
2,Amon,Water Tribe
3,Arnook,Water Tribe
4,Ashuna,Water Tribe
5,Atuat,Water Tribe
6,Bato,Water Tribe
7,Desna and Eska,Water Tribe
8,Due,Water Tribe
9,Gilak,Water Tribe
10,Hahn,Water Tribe
11,Hakoda,Water Tribe
12,Hama,Water Tribe
13,Hiryu,Water Tribe
14,Hotah,Water Tribe
15,Huu,Water Tribe
16,Iknik Blackstone Varrick,Water Tribe
17,Kam,Water Tribe
18,Kanna,Water Tribe
19,Katara,Water Tribe
20,Katara (games),Water Tribe
21,Kinto,Water Tribe
22,Kirima,Water Tribe
23,Korra,Water Tribe
24,Kuruk,Water Tribe
25,Kya,Water Tribe
26,Kya (nonbender),Water Tribe
27,Kya (pilot),Water Tribe
28,La,Water Tribe
29,Lirin,Water Tribe
30,Malina,Water Tribe
31,Maliq,Water Tribe
32,Ming (games),Water Tribe
33,Naga,Water Tribe
34,Nini,Water Tribe
35,Niyok,Water Tribe
36,Noa,Water Tribe
37,Nutha,Water Tribe
38,Pakku,Water Tribe
39,Rafa and Misu,Water Tribe
40,Roku's waterbending master,Water Tribe
41,Sangok,Water Tribe
42,Senna,Water Tribe
43,Siku and Sura,Water Tribe
44,Slim,Water Tribe
45,Sokka,Water Tribe
46,Sokka (games),Water Tribe
47,Sokka (pilot),Water Tribe
48,Southern Water Tribe boy,Water Tribe
49,Southern Water Tribe girl,Water Tribe
50,Tarrlok,Water Tribe
51,Tho,Water Tribe
52,Thod,Water Tribe
53,Thod's disciples,Water Tribe
54,Tonraq,Water Tribe
55,Tui,Water Tribe
56,Ummi,Water Tribe
57,Unalaq,Water Tribe
58,Visola,Water Tribe
59,Wei,Water Tribe
60,White Lotus leader,Water Tribe
61,Yagoda,Water Tribe
62,Yakone,Water Tribe
63,Yakone's wife,Water Tribe
64,Yue,Water Tribe
66,Aang,Air Nomad
67,Aang (games),Air Nomad
68,Aang (pilot),Air Nomad
69,Afiko,Air Nomad
70,Air Nomad boy,Air Nomad
71,Appa,Air Nomad
72,Appa's mother,Air Nomad
73,Gyatso,Air Nomad
74,Iio,Air Nomad
75,Jesa,Air Nomad
76,Jinju,Air Nomad
77,Jinpa,Air Nomad
78,Kelsang,Air Nomad
79,Laghima,Air Nomad
80,Malu (airbender),Air Nomad
81,Momo,Air Nomad
82,Pasang,Air Nomad
83,Pengpeng,Air Nomad
84,Pik and Pak,Air Nomad
85,Tang Xu,Air Nomad
86,Tashi,Air Nomad
87,Yangchen,Air Nomad
88,Yingyong,Air Nomad
90,Azula,Fire Nation
91,Azula (games),Fire Nation
92,Azula's ship captain,Fire Nation
93,Azulon,Fire Nation
94,Bai,Fire Nation
95,Banished servant,Fire Nation
96,Bujing,Fire Nation
97,Bully guard,Fire Nation
98,Chaejin,Fire Nation
99,Chaeryu,Fire Nation
100,Chan,Fire Nation
101,Chan (Fire Nation admiral),Fire Nation
102,Chey,Fire Nation
103,Chit Sang,Fire Nation
104,Chit Sang's friend,Fire Nation
105,Chit Sang's girlfriend,Fire Nation
106,Circus trainer,Fire Nation
107,Combustion Man,Fire Nation
108,Dairin,Fire Nation
109,Dealer,Fire Nation
110,Ding,Fire Nation
111,Druk,Fire Nation
112,Elua,Fire Nation
113,Ember Island Players,Fire Nation
114,Fai Lan,Fire Nation
115,Fang,Fire Nation
116,Fat,Fire Nation
117,Female prison guard,Fire Nation
118,Fire Nation airship captain,Fire Nation
119,Fire Nation bar patron,Fire Nation
120,Fire Nation bar patron's friend,Fire Nation
121,Fire Nation company leader,Fire Nation
122,Fire Nation councilwoman,Fire Nation
123,Fire Nation music teacher,Fire Nation
124,Fire Nation train conductor,Fire Nation
125,Fire Nation train engineer,Fire Nation
126,Fire Navy officer,Fire Nation
127,Giya,Fire Nation
128,Gong,Fire Nation
129,Great Sage,Fire Nation
130,Green dragon,Fire Nation
131,Guard captain,Fire Nation
132,Guri,Fire Nation
133,Ham Ghao,Fire Nation
134,Hawky,Fire Nation
135,Headmaster,Fire Nation
136,Hei-Ran,Fire Nation
137,Hide,Fire Nation
138,Hing,Fire Nation
139,Huazo,Fire Nation
140,Iroh,Fire Nation
141,Iroh (United Forces general),Fire Nation
142,Izumi,Fire Nation
143,Jailer,Fire Nation
144,Jang Hui boy,Fire Nation
145,Jee,Fire Nation
146,Jeong Jeong,Fire Nation
147,Jinzuk and Rina,Fire Nation
148,Jojan,Fire Nation
149,Joonho,Fire Nation
150,Junho,Fire Nation
151,Kahchi,Fire Nation
152,Kaja,Fire Nation
153,Karu,Fire Nation
154,Kei Lo,Fire Nation
155,Kiyi,Fire Nation
156,Kori Morishita,Fire Nation
157,Koulin,Fire Nation
158,Kunyo,Fire Nation
159,Kuzon,Fire Nation
160,Kwan,Fire Nation
161,Li,Fire Nation
162,Liva,Fire Nation
163,Lo and Li,Fire Nation
164,Loban,Fire Nation
165,Lowly guard,Fire Nation
166,Lu Ten,Fire Nation
167,Mai,Fire Nation
168,Mak,Fire Nation
169,Malu,Fire Nation
170,Michi,Fire Nation
171,Ming,Fire Nation
172,Ming-Ming,Fire Nation
173,Ming-Ming's grandmother,Fire Nation
174,Mongke,Fire Nation
175,Morishita,Fire Nation
176,Mrs. Morishita,Fire Nation
177,Mung,Fire Nation
178,Mura,Fire Nation
179,Naoki,Fire Nation
180,Nishi,Fire Nation
181,Niuan,Fire Nation
182,Noren,Fire Nation
183,Nyahitha,Fire Nation
184,Ogodei,Fire Nation
185,Old Fire Nation civilian,Fire Nation
186,On Ji,Fire Nation
187,Overconfident Fire Nation soldier,Fire Nation
188,Ozai,Fire Nation
189,Piandao,Fire Nation
190,Pirate captain,Fire Nation
191,Poon,Fire Nation
192,Prison rig captain,Fire Nation
193,Qin Lee,Fire Nation
194,Qin,Fire Nation
195,Ran and Shaw,Fire Nation
196,Rangi,Fire Nation
197,Rini,Fire Nation
198,Roku,Fire Nation
199,Ruon-Jian,Fire Nation
200,San (vendor),Fire Nation
201,Sanshur Keohso,Fire Nation
202,Satoru,Fire Nation
203,Seijir,Fire Nation
204,Shaman,Fire Nation
205,Shinu,Fire Nation
206,Sho,Fire Nation
207,Shoji,Fire Nation
208,Shuzumu,Fire Nation
209,Shyu,Fire Nation
210,Southern Raiders commander,Fire Nation
211,Sozin,Fire Nation
212,Sozin's dragon,Fire Nation
213,Sozin's father,Fire Nation
214,Sulan,Fire Nation
215,Sun Po,Fire Nation
216,Sun Warrior chief,Fire Nation
217,Sung (constable),Fire Nation
218,Szeto,Fire Nation
219,Ta Min,Fire Nation
220,Tax collector,Fire Nation
221,Tom-Tom,Fire Nation
222,Tough criminal,Fire Nation
223,Town authority,Fire Nation
224,Ty Lee,Fire Nation
225,Ukano,Fire Nation
226,Unnamed Fire Nation boy,Fire Nation
227,Ursa,Fire Nation
228,Utor,Fire Nation
229,Vachir,Fire Nation
230,Warden (Boiling Rock),Fire Nation
231,Warden (prison rig),Fire Nation
232,Weapons store shopkeeper,Fire Nation
233,Yao (vendor),Fire Nation
234,Yeh-Lu,Fire Nation
235,Yon Rha,Fire Nation
236,Yon Rha's mother,Fire Nation
237,Yun's impostor,Fire Nation
238,Zhao,Fire Nation
239,Zirin,Fire Nation
240,Zoryu,Fire Nation
241,Zuko,Fire Nation
242,Zuko (games),Fire Nation
243,Zuko (pilot),Fire Nation
245,Aiwei,Earth Kingdom
246,Animal control officer,Earth Kingdom
247,Aoma,Earth Kingdom
248,Arik,Earth Kingdom
249,Ba Sing Se airship captain,Earth Kingdom
250,Ba Sing Se airship co-pilot,Earth Kingdom
251,Ba Sing Se University student,Earth Kingdom
252,Baatar,Earth Kingdom
253,Baatar Jr.,Earth Kingdom
254,Baraz and Ahnah,Earth Kingdom
255,Bathroom attendant,Earth Kingdom
256,The Big Bad Hippo,Earth Kingdom
257,Biyu,Earth Kingdom
258,Bosco,Earth Kingdom
259,The Boulder,Earth Kingdom
260,Broadsword man,Earth Kingdom
261,Bumi (King of Omashu),Earth Kingdom
262,Bumi's advisor,Earth Kingdom
263,Cabbage merchant,Earth Kingdom
264,Calm man,Earth Kingdom
265,Canyon guide,Earth Kingdom
266,Captured agent,Earth Kingdom
267,Chin,Earth Kingdom
268,Chio,Earth Kingdom
269,Chong,Earth Kingdom
270,Chow,Earth Kingdom
271,Corncob guy,Earth Kingdom
272,Dai Li sergeant,Earth Kingdom
273,The Dark One,Earth Kingdom
274,The Duke,Earth Kingdom
275,Earth Empire fugitives,Earth Kingdom
276,Earthbender captain,Earth Kingdom
277,Earthbending academy teenagers,Earth Kingdom
278,Farmer and wife,Earth Kingdom
279,Feng (waitress),Earth Kingdom
280,Fire Nation Man,Earth Kingdom
281,Fisherman,Earth Kingdom
282,Fisherman's wife,Earth Kingdom
283,Fishmonger,Earth Kingdom
284,Flopsie,Earth Kingdom
285,Fluffykins,Earth Kingdom
286,Flyer distribution man,Earth Kingdom
287,Foaming mouth guy,Earth Kingdom
288,Fong,Earth Kingdom
289,Foo Foo Cuddlypoops,Earth Kingdom
290,Fung,Earth Kingdom
291,Gan Jin leader,Earth Kingdom
292,Gan Jin tribesman,Earth Kingdom
293,Ganbat,Earth Kingdom
294,Gansu,Earth Kingdom
295,The Gecko,Earth Kingdom
296,Ghashiun,Earth Kingdom
297,Gombo,Earth Kingdom
298,The Gopher,Earth Kingdom
299,Governor of Yi,Earth Kingdom
300,Gow,Earth Kingdom
301,Guan,Earth Kingdom
302,Guan (outlaw),Earth Kingdom
303,Guard post officer,Earth Kingdom
304,Guard post soldier,Earth Kingdom
305,Gun,Earth Kingdom
306,Guo,Earth Kingdom
307,Hark,Earth Kingdom
308,Haru,Earth Kingdom
309,Haru (games),Earth Kingdom
310,Haru's mother,Earth Kingdom
311,Head of the Dai Li,Earth Kingdom
312,Headhunter,Earth Kingdom
313,Hei-Won,Earth Kingdom
314,Herbalist,Earth Kingdom
315,Hiroshi,Earth Kingdom
316,Ho Tun,Earth Kingdom
317,Hong Li,Earth Kingdom
318,Hope,Earth Kingdom
319,Hou-Ting,Earth Kingdom
320,Hou-Ting's prisoner,Earth Kingdom
321,How,Earth Kingdom
322,Huan,Earth Kingdom
323,Hui,Earth Kingdom
324,Innkeeper,Earth Kingdom
325,Jae,Earth Kingdom
326,Jet,Earth Kingdom
327,Jiang,Earth Kingdom
328,Jianzhu,Earth Kingdom
329,Jie,Earth Kingdom
330,Jin,Earth Kingdom
331,Jin Wei,Earth Kingdom
332,Jin Wei (games),Earth Kingdom
333,Jojo,Earth Kingdom
334,Joo Dee,Earth Kingdom
335,June,Earth Kingdom
336,Juno,Earth Kingdom
337,Kai,Earth Kingdom
338,Kay-fon,Earth Kingdom
339,Kaya (village girl),Earth Kingdom
340,Kenji,Earth Kingdom
342,Koko,Earth Kingdom
343,Kong,Earth Kingdom
344,Kuei,Earth Kingdom
345,Kuji,Earth Kingdom
346,Kuon,Earth Kingdom
347,Kuvira,Earth Kingdom
348,Kyoshi,Earth Kingdom
349,Lady Tienhai's husband,Earth Kingdom
350,Lao Beifong,Earth Kingdom
351,Lee,Earth Kingdom
352,Lee (servant),Earth Kingdom
353,Lek,Earth Kingdom
354,Li (guardsman),Earth Kingdom
355,Li-Mei,Earth Kingdom
356,Lian,Earth Kingdom
357,Liling,Earth Kingdom
358,Lily,Earth Kingdom
359,Lin Yee,Earth Kingdom
360,Ling and Bak,Earth Kingdom
361,Lokai,Earth Kingdom
362,Long Feng,Earth Kingdom
363,Longshot,Earth Kingdom
364,Lu Beifong,Earth Kingdom
365,Macao and Lily,Earth Kingdom
366,Macmu-Ling,Earth Kingdom
367,Mechanist,Earth Kingdom
368,Meilin,Earth Kingdom
369,Meng,Earth Kingdom
370,Merchant,Earth Kingdom
371,Mingxia,Earth Kingdom
372,Mirai,Earth Kingdom
373,Miyuki,Earth Kingdom
374,Mok,Earth Kingdom
375,Moku,Earth Kingdom
376,Mother Superior,Earth Kingdom
378,Mui,Earth Kingdom
379,Nibbles,Earth Kingdom
380,Nyla,Earth Kingdom
381,Oh,Earth Kingdom
382,Ohev,Earth Kingdom
383,Old Sweepy,Earth Kingdom
384,Oma,Earth Kingdom
385,Onku,Earth Kingdom
386,Opal,Earth Kingdom
387,Organ grinder,Earth Kingdom
388,Outpost soldiers,Earth Kingdom
389,Oyaji,Earth Kingdom
390,Pao,Earth Kingdom
391,Passport attendant,Earth Kingdom
392,Penga,Earth Kingdom
393,Pet shop owner,Earth Kingdom
394,Pipsqueak,Earth Kingdom
395,Poi and Ping,Earth Kingdom
396,Pong,Earth Kingdom
397,Poppy Beifong,Earth Kingdom
398,Professor,Earth Kingdom
399,Pu-on Tim,Earth Kingdom
400,Quon,Earth Kingdom
401,Radio operator,Earth Kingdom
402,Rhee,Earth Kingdom
403,Rin,Earth Kingdom
404,Royal messenger,Earth Kingdom
405,Ru,Earth Kingdom
406,Ryu,Earth Kingdom
407,Ryu's mother,Earth Kingdom
408,Saiful,Earth Kingdom
409,San,Earth Kingdom
410,Scary prisoner,Earth Kingdom
411,Sela,Earth Kingdom
412,Senlin Village leader,Earth Kingdom
413,Sensitive ruffian,Earth Kingdom
414,Sensu,Earth Kingdom
415,Sha-Mo,Earth Kingdom
416,Sheng,Earth Kingdom
417,Shing,Earth Kingdom
418,Shu,Earth Kingdom
419,Smellerbee,Earth Kingdom
420,Sneers,Earth Kingdom
421,Song (villager),Earth Kingdom
422,Song's mother,Earth Kingdom
423,Soonjei,Earth Kingdom
424,Star,Earth Kingdom
425,Storyteller,Earth Kingdom
426,Sud,Earth Kingdom
427,Suki,Earth Kingdom
428,Sung,Earth Kingdom
429,Suyin Beifong,Earth Kingdom
430,Suyin's chef,Earth Kingdom
431,Suzu,Earth Kingdom
432,Te Sihung,Earth Kingdom
433,Teo,Earth Kingdom
434,Than,Earth Kingdom
435,Than's sister,Earth Kingdom
436,Ticket woman,Earth Kingdom
437,Tong,Earth Kingdom
438,Toph Beifong,Earth Kingdom
439,Toph Beifong (games),Earth Kingdom
440,Tu,Earth Kingdom
441,Tu (criminal),Earth Kingdom
442,Tuyen,Earth Kingdom
443,Tycho,Earth Kingdom
444,Tyro,Earth Kingdom
445,Unnamed Earth Kingdom boys,Earth Kingdom
446,Wai,Earth Kingdom
447,Wei and Wing,Earth Kingdom
448,Wei Jin,Earth Kingdom
449,Wo,Earth Kingdom
450,Won-Yee,Earth Kingdom
451,Wong,Earth Kingdom
452,Wu,Earth Kingdom
453,Wu (fortuneteller),Earth Kingdom
454,Xin Fu,Earth Kingdom
455,Xing Ying,Earth Kingdom
456,Xu Ping An,Earth Kingdom
457,Yahshi,Earth Kingdom
458,Yaling,Earth Kingdom
459,Yee-Li,Earth Kingdom
460,Yi Ming,Earth Kingdom
461,Yin,Earth Kingdom
462,Ying,Earth Kingdom
463,Yu,Earth Kingdom
464,Yuan,Earth Kingdom
465,Yun,Earth Kingdom
466,Yung,Earth Kingdom
467,Yung (captain),Earth Kingdom
468,Zei,Earth Kingdom
469,Zenko,Earth Kingdom
470,Zhang leader,Earth Kingdom
