,Name,Nation,Relations,Fighting style
0,Aang,Air Nomad,"['Arnook', 'Koko', 'Katara', 'Roku', 'Korra', 'Appa', 'Momo', 'Sokka', 'Zuko', 'Gyatso', 'Hakoda', 'Iroh', 'Kya', 'Suki', 'Kuzon', 'Azula', 'Ozai', 'Zhao', 'Combustion Man', 'Long Feng', 'Sozin', 'Yakone', 'Joo Dee', 'Fang', 'Pakku', 'Yue', 'Jiang', 'Sung', 'Ty Lee', 'Mai', 'Kuei', 'Ran and Shaw', 'Rafa and Misu', 'Ursa', 'Noren', 'Kiyi', 'Yangchen', 'Kei Lo', 'Ukano', 'Gilak', 'Malina', 'Liling', 'Lao Beifong', 'Tarrlok', 'Amon', 'Unalaq', 'Ghashiun', 'Hope', 'Jeong Jeong', 'Hide', 'Kanna', 'Kuruk', 'Piandao', 'Tui', 'Chin', 'Jet']","('Airbending', 'waterbending', ' ', '', '', '')"
1,Afiko,Air Nomad,"['Aang', 'Sozin']",
2,Aiwei,Earth Kingdom,"['Suyin Beifong', 'Korra', 'Opal', 'Hong Li']","('Earthbending', 'metalbending', '', '', '', '')"
3,Amak,Water Tribe,"['Kyoshi', 'Atuat', 'Jianzhu', 'Kelsang', 'Yun']",
4,Amon,Water Tribe,"['Tarrlok', 'Yakone', 'Korra', 'Naga', 'Unalaq', 'Katara', 'Azulon']","('Waterbending', 'bloodbending', 'chi blocking', '', '', '')"
5,Aoma,Earth Kingdom,"['Suzu', 'Jae', 'Kyoshi', 'Rangi', 'Yun', 'Kuruk', 'Jianzhu', 'Kelsang']","('Earthbending', '', '', '', '', '')"
6,Appa,Air Nomad,"['Aang', 'Momo', 'Katara', 'Sokka', 'Zuko', 'Iroh', 'Suki', 'Azula', 'Ozai', 'Combustion Man', 'Zhao', 'Long Feng', 'Shuzumu', 'Ghashiun', 'Fang', 'Naga', 'Gyatso', 'Kuei', 'Bosco', 'Hakoda', 'June', 'Nyla', 'Ursa', 'Hawky', 'Zei', 'Ty Lee', 'Mai', 'Korra', 'Kuruk']","('Airbending', '', '', '', '', '')"
7,Arik,Earth Kingdom,"['Kong', 'Korra', 'Druk']",
8,Arnook,Water Tribe,"['Sokka', 'Unalaq', 'Tonraq', 'Aang', 'Katara', 'Pakku', 'Yue', 'Hahn', 'La', 'Tui', 'Zhao']",
9,Ashuna,Water Tribe,"['Katara', 'Sokka', 'Niyok', 'Nutha']",
10,Atuat,Water Tribe,"['Kyoshi', 'Amak', 'Rangi', 'Jinpa', 'Zoryu', 'Nyahitha', 'Yun', 'Jianzhu', 'Lu Beifong', 'Kuruk', 'Yingyong', 'Huazo']",
11,Azula,Fire Nation,"['Chan', 'Ozai', 'Zuko', 'Mai', 'Ty Lee', 'Lo and Li', 'Ursa', 'Iroh', 'Kuei', 'Long Feng', 'Izumi', 'Kiyi', 'Aang', 'Katara', 'Ukano', 'Azulon', 'Lu Ten', 'Zhao', 'Suki', 'Sokka', 'Joo Dee', 'Hakoda', 'Noren', 'Rafa and Misu', 'Zirin', 'Appa', 'Old Sweepy', 'Ta Min', 'Roku', 'Rangi']","('Firebending', 'lightning generation', '', '', '', '')"
12,Azulon,Fire Nation,"['Ozai', 'Iroh', 'Sozin', 'Zuko', 'Ursa', 'Lu Ten', 'Azula', 'Katara', 'Roku', 'Amon', 'Unalaq']","('Firebending', '', '', '', '', '')"
13,Baatar,Earth Kingdom,"['Suyin Beifong', 'Huan', 'Opal', 'Wei and Wing', 'Toph Beifong', 'Korra', 'Kuvira', 'Wu', 'Chow']",
14,Bai,Fire Nation,"['Azulon', 'Ozai']","('Firebending', '', '', '', '', '')"
15,Bato,Water Tribe,"['Sokka', 'Katara', 'Aang', 'Hakoda', 'Kanna', 'Ozai', 'Appa', 'Zuko']",
16,Biyu,Earth Kingdom,"['Suki', 'Azula']",
17,Bosco,Earth Kingdom,"['Kuei', 'Ty Lee', 'Azula', 'Aang', 'Mai', 'Sokka', 'Momo', 'Hakoda', 'Gilak', 'Kanna', 'June', 'Nyla']",
18,Bujing,Fire Nation,"['Ozai', 'Zuko', 'Shinu']",
19,Chaejin,Fire Nation,"['Huazo', 'Zoryu', 'Chaeryu', 'Sulan', 'Kyoshi', 'Yun', 'Dairin', 'Lu Beifong', 'Yingyong', 'Kuruk', 'Koulin']",
20,Chaeryu,Fire Nation,"['Zoryu', 'Huazo', 'Sulan', 'Chaejin']",
21,Chan,Fire Nation,"['Azula', 'Zuko', 'Mai', 'Ty Lee']",
22,Chey,Fire Nation,"['Jeong Jeong', 'Aang', 'Katara', 'Sokka', 'Appa', 'Zhao', 'Xin Fu', 'Yu']",
23,Chin,Earth Kingdom,"['Kyoshi', 'Jianzhu', 'Aang', 'Tui', 'Yue', 'Jet', 'Roku', 'Fang', 'Combustion Man']",
24,Chio,Earth Kingdom,"['Zenko', 'Katara', 'Aang', 'Sokka', 'Appa']",
25,Chong,Earth Kingdom,"['Aang', 'Lily', 'Katara', 'Sokka', 'Moku', 'Toph Beifong', 'Suki', 'Appa', 'Ho Tun', 'Penga', 'The Dark One']",
26,Chow,Earth Kingdom,"['Tu', 'San', 'Yin', 'Korra', 'Naga', 'Naoki', 'Baatar']",
27,Dairin,Fire Nation,"['Kyoshi', 'Zoryu', 'Rangi', 'Yun', 'Jinpa', 'Lu Beifong', 'Atuat']",
28,Ding,Fire Nation,"['Hama', 'Aang', 'Sokka']",
29,Druk,Fire Nation,"['Zuko', 'Tonraq', 'Desna and Eska', 'Ran and Shaw', 'Izumi']",
30,Due,Water Tribe,"['Huu', 'Slim', 'Tho', 'Katara', 'Aang', 'Sokka', 'Appa', 'Momo', 'Zuko', 'The Big Bad Hippo']",
31,Elua,Fire Nation,"['Ursa', 'Ozai']",
32,Fang,Fire Nation,"['Aang', 'Roku', 'Sozin', 'Appa', 'Ta Min', 'Azula', 'Iroh', 'Tui', 'Yue', 'Chin', 'Jet', 'Combustion Man']","('Firebending', '', '', '', '', '')"
33,Fat,Fire Nation,"['Sokka', 'Piandao']",
34,Fisherman,Earth Kingdom,"['Aang', 'Korra', 'Fishmonger', 'Sokka', 'Katara', 'Appa']",
35,Fishmonger,Earth Kingdom,"['Korra', 'Aang', 'Fisherman']",
36,Flopsie,Earth Kingdom,"['Aang', 'Appa']",
37,Fluffykins,Earth Kingdom,['Aang'],
38,Fong,Earth Kingdom,"['Aang', 'Katara', 'Sokka', 'Ozai']","('Earthbending', '', '', '', '', '')"
39,Fung,Earth Kingdom,"['Iroh', 'Zuko', 'Xin Fu', 'Yu']",
40,Ganbat,Earth Kingdom,"['Kai', 'Bosco']","('Earthbending', '', '', '', '', '')"
41,Gansu,Earth Kingdom,"['Sela', 'Zuko', 'Sensu', 'Lee', 'Gow']",
42,Ghashiun,Earth Kingdom,"['Aang', 'Appa', 'Katara', 'Sokka']",
43,Gilak,Water Tribe,"['Hakoda', 'Thod', 'Lirin', 'Maliq', 'Malina', 'Kuei', 'Katara', 'Sokka', 'Zuko', 'Aang', 'Ozai', 'Tarrlok']",
44,Giya,Fire Nation,"['Suki', 'Sokka', 'Jojan', 'Kyoshi']",
45,Gombo,Earth Kingdom,"['Korra', 'Huan', 'Ryu']",
46,Gong,Fire Nation,"['Ozai', 'Azulon']",
47,Gow,Earth Kingdom,"['Lee', 'Zuko', 'Gansu', 'Sensu']","('Earthbending', '', '', '', '', '')"
48,Guan,Earth Kingdom,"['Kuvira', 'Sheng', 'Korra', 'Wu', 'Toph Beifong', 'Rhee', 'Suyin Beifong', 'Wei and Wing']","('Earthbending', 'metalbending', '', '', '', '')"
49,Gun,Earth Kingdom,"['Long Feng', 'Wu', 'Korra', 'Naga', 'Kuei']",
50,Guri,Fire Nation,"['Kiyi', 'Azula']",
51,Gyatso,Air Nomad,"['Aang', 'Roku', 'Pasang', 'Tashi', 'Sozin', 'Kelsang', 'Appa', 'Katara', 'Jianzhu', 'Momo']","('Airbending', '', '', '', '', '')"
52,Hahn,Water Tribe,"['Sokka', 'Yue', 'Zhao', 'Arnook']",
53,Hakoda,Water Tribe,"['Katara', 'Malina', 'Kanna', 'Sokka', 'Bato', 'Aang', 'Suki', 'Zuko', 'Chit Sang', 'Appa', 'Tyro', 'Haru', 'Gilak', 'Kuei', 'Ozai', 'Azula', 'Azulon', 'Yon Rha', 'Teo', 'The Duke', 'Maliq', 'Lirin', 'Siku and Sura', 'Thod', 'The Dark One', 'Penga', 'Ho Tun', 'Pakku', 'Kya']",
54,Hama,Water Tribe,"['Innkeeper', 'Katara', 'Kanna', 'Ding', 'Sokka', 'Nini', 'Aang', 'Toph Beifong', 'Amon', 'Tarrlok', 'Yakone']","('Waterbending', ' ', '', '', '', '')"
55,Hark,Earth Kingdom,"['Jesa', 'Lek', 'Kyoshi']","('Earthbending', '', '', '', '', '')"
56,Haru,Earth Kingdom,"['Katara', 'Aang', 'Sokka', 'Zuko', 'Tyro', 'The Duke', 'Teo', 'Hakoda', 'Azula', 'Appa']","('Earthbending', '', '', '', '', '')"
57,Hawky,Fire Nation,"['Sokka', 'Momo', 'Katara', 'Aang']",
58,Headhunter,Earth Kingdom,"['Xin Fu', 'The Boulder', 'Fire Nation Man', 'The Gopher', 'The Gecko', 'Aang', 'Toph Beifong', 'The Big Bad Hippo']","('Earthbending', '', '', '', '', '')"
59,Headmaster,Fire Nation,"['Sokka', 'Katara', 'Aang', 'Hide', 'Kwan', 'Kuzon']",
60,Herbalist,Earth Kingdom,"['Aang', 'Miyuki', 'Sokka', 'Katara', 'Zuko', 'Iroh', 'June']",
61,Hide,Fire Nation,"['Aang', 'On Ji', 'Headmaster', 'Shoji']","('Firebending', '', '', '', '', '')"
62,Hing,Fire Nation,"['Kei Lo', 'Zuko', 'Ukano', 'Mak', 'Mura', 'Mai']",
63,Hiroshi,Earth Kingdom,"['Yahshi', 'Visola', 'The Gopher']","('Earthbending', '', '', '', '', '')"
64,Hiryu,Water Tribe,"['Wei', 'Lian', 'Zhao', 'Aang', 'Zuko']","('Waterbending', '', '', '', '', '')"
65,Hope,Earth Kingdom,"['Ying', 'Than', 'Katara', 'Aang', 'Appa', 'Yue']",
66,Hotah,Water Tribe,"['Korra', 'Unalaq', 'Naga', 'Tonraq', 'Senna']",
67,How,Earth Kingdom,"['Aang', 'Zuko', 'Kuei', 'Long Feng', 'Azula', 'Kori Morishita', 'Sneers']","('Earthbending', '', '', '', '', '')"
68,Huan,Earth Kingdom,"['Suyin Beifong', 'Yuan', 'Baatar', 'Opal', 'Wei and Wing', 'Kuvira', 'Toph Beifong', 'Korra', 'Wu', 'Gombo', 'Ryu']","('Earthbending', 'metalbending', '', '', '', '')"
69,Huazo,Fire Nation,"['Kyoshi', 'Chaeryu', 'Chaejin', 'Koulin', 'Zoryu', 'Sanshur Keohso', 'Sulan', 'Nyahitha', 'Yun', 'Rangi', 'Atuat', 'Jinpa', 'Yingyong', 'Kuruk']",
70,Hui,Earth Kingdom,"['Jianzhu', 'Lu Beifong', 'Saiful', 'Yun', 'Kelsang']",
71,Huu,Water Tribe,"['Tho', 'Due', 'Aang', 'Katara', 'Sokka', 'Zuko', 'The Boulder']",
72,Iio,Air Nomad,"['Aang', 'Gyatso', 'Zuko', 'Yangchen', 'Kyoshi']","('Airbending', '', '', '', '', '')"
73,Innkeeper,Earth Kingdom,"['Hama', 'Korra', 'Aiwei']",
74,Iroh,Fire Nation,"['Azulon', 'Zuko', 'Ursa', 'Lu Ten', 'Ran and Shaw', 'Ming', 'Korra', 'Kya', 'Ozai', 'Azula', 'Zhao', 'Aang', 'Sozin', 'Fang', 'Yue', 'Yu', 'Xin Fu', 'Appa', 'Katara', 'Poon', 'Roku', 'June', 'Mai', 'Ty Lee', 'Kiyi', 'Jeong Jeong', 'The Duke']","('Firebending', '', '', '', '', '')"
75,Izumi,Fire Nation,"['Kuvira', 'Zuko', 'Aang', 'Ozai', 'Ursa', 'Azula', 'Kiyi', 'Wu', 'Suyin Beifong', 'Korra', 'Opal']",
76,Jae,Earth Kingdom,"['Aoma', 'Suzu', 'Kyoshi', 'Rangi', 'Yun', 'Kuruk', 'Jianzhu', 'Kelsang']","('Earthbending', '', '', '', '', '')"
77,Jailer,Fire Nation,"['Ozai', 'Lian']","('Firebending', '', '', '', '', '')"
78,Jee,Fire Nation,"['Zuko', 'Iroh', 'Aang', 'Sokka', 'Katara', 'Zhao']","('Firebending', '', '', '', '', '')"
79,Jesa,Air Nomad,"['Kyoshi', 'Rangi', 'Hark', 'Lek', 'Kelsang', 'Yangchen', 'Afiko']","('Airbending', ' ', '', '', '', '')"
80,Jet,Earth Kingdom,"['Smellerbee', 'Katara', 'Aang', 'Sokka', 'Mongke', 'Long Feng', 'Zuko', 'Iroh', 'Longshot', 'Appa', 'The Duke', 'Pipsqueak', 'Tui', 'Yue', 'Chin', 'Roku', 'Fang', 'Combustion Man']",
81,Jiang,Earth Kingdom,"['Katara', 'Appa']",
82,Jianzhu,Earth Kingdom,"['Kuruk', 'Kelsang', 'Yun', 'Kyoshi', 'Lu Beifong', 'Saiful', 'Zoryu', 'Rangi', 'Xu Ping An', 'Hui', 'Wong', 'Lek', 'Yangchen', 'Te Sihung', 'Nyahitha', 'Amak', 'Huazo', 'Chaejin', 'Gyatso']","('Earthbending', ' ', '', '', '', '')"
83,Jie,Earth Kingdom,"['Suki', 'Zuko', 'Oyaji', 'Kyoshi', 'Aang']",
84,Jin,Earth Kingdom,"['Yin', 'Zuko', 'Iroh', 'Azula', 'Pao', 'Mai']",
85,Jinju,Air Nomad,['Aang'],"('Airbending', '', '', '', '', '')"
86,Jinpa,Air Nomad,"['Kyoshi', 'Rangi', 'Atuat', 'Nyahitha', 'Kirima', 'Wong', 'Yingyong', 'Yun', 'Jianzhu', 'Kelsang', 'Zoryu', 'Yangchen', 'Dairin', 'Chaeryu', 'Chaejin']","('Airbending', '', '', '', '', '')"
87,Jojan,Fire Nation,"['Suki', 'Sokka', 'Giya']",
88,Jojo,Earth Kingdom,"['Katara', 'Aang']","('Earthbending', '', '', '', '', '')"
89,Joonho,Fire Nation,"['Kyoshi', 'Kuruk', 'Yun']",
90,June,Earth Kingdom,"['Iroh', 'Nyla', 'Zuko', 'Aang', 'Katara', 'Appa']",
91,Junho,Fire Nation,"['Juno', 'Katara', 'Sokka', 'Loban', 'Lao Beifong', 'Aang', 'Toph Beifong', 'Mongke', 'Seijir', 'Utor']",
92,Juno,Earth Kingdom,"['Junho', 'Sokka', 'Lokai', 'Onku', 'Katara']",
93,Kahchi,Fire Nation,"['Loban', 'Zuko', 'Iroh', 'Jet', 'Than', 'Ying', 'Chin', 'Ozai', 'Kyoshi', 'Sokka', 'Aang', 'Katara', 'Ogodei', 'Vachir', 'Lao Beifong', 'Toph Beifong', 'Satoru']",
94,Kai,Earth Kingdom,"['Korra', 'Opal', 'Yung', 'Tang Xu', 'Ganbat', 'Laghima', 'Kuvira', 'Ryu', 'Aang']","('Airbending', '', '', '', '', '')"
95,Kaja,Fire Nation,"['Roku', 'Shyu']","('Firebending', '', '', '', '', '')"
96,Kam,Water Tribe,"['Hakoda', 'Malina', 'Maliq', 'Noa', 'Soonjei', 'Gilak', 'Katara', 'Sokka', 'Toph Beifong']","('Waterbending', '', '', '', '', '')"
97,Kanna,Water Tribe,"['Katara', 'Hakoda', 'Pakku', 'Sokka', 'Aang', 'Yagoda', 'Hama', 'Zuko', 'Gilak', 'Malina', 'Maliq', 'Kya']",
98,Karu,Fire Nation,['Korra'],
99,Katara,Water Tribe,"['Sokka', 'Kuei', 'Aang', 'Toph Beifong', 'Jet', 'Yue', 'Hakoda', 'Kanna', 'Kya', 'Hama', 'Yagoda', 'Malina', 'Maliq', 'Korra', 'Niyok', 'Nutha', 'Siku and Sura', 'Rafa and Misu', 'Ashuna', 'Mai', 'Tyro', 'Ozai', 'Azula', 'Zuko', 'Zhao', 'Combustion Man', 'Long Feng', 'Azulon', 'Yon Rha', 'Gilak', 'Thod', 'Pakku', 'Jiang', 'Appa', 'Iroh', 'Haru', 'Roku', 'Bato', 'Jeong Jeong', 'Qin', 'Arnook', 'Tui', 'La', 'Fong', 'Chong', 'Lily', 'Moku', 'Ty Lee', 'Kyoshi', 'Zei', 'Ember Island Players', 'Noren', 'Yangchen', 'Loban', 'Liling', 'Senna', 'Tonraq', 'Naga', 'White Lotus leader', 'Amon', 'Unalaq', 'Huu', 'Southern Raiders commander', 'Than', 'Ying', 'Hope', 'Gyatso']","('Waterbending', ' ', '', '', '', '')"
100,Kelsang,Air Nomad,"['Kyoshi', 'Jianzhu', 'Kuruk', 'Yun', 'Rangi', 'Pengpeng', 'Amak', 'Gyatso', 'Yangchen', 'Wong']","('Airbending', '', '', '', '', '')"
101,Kenji,Earth Kingdom,"['Aang', 'Organ grinder', 'Appa']",
102,Kinto,Water Tribe,"['Aang', 'Appa', 'Sokka']","('Waterbending', '', '', '', '', '')"
103,Kirima,Water Tribe,"['Rangi', 'Wong', 'Lek', 'Kyoshi', 'Jesa', 'Hark', 'Jinpa', 'Jianzhu', 'Yun', 'Mok', 'Wai', 'Pengpeng', 'Te Sihung', 'Xu Ping An', 'Atuat']","('Waterbending', '', '', '', '', '')"
104,Kiyi,Fire Nation,"['Ursa', 'Noren', 'Zuko', 'Guri', 'Ukano', 'Azula', 'Izumi', 'Ozai', 'Sokka', 'Aang', 'Iroh', 'Suki', 'Kei Lo', 'Ty Lee', 'Mai']","('Firebending', '', '', '', '', '')"
105,Koko,Earth Kingdom,"['Kyoshi', 'Katara', 'Sokka', 'Aang', 'Zuko', 'Appa']",
106,Kong,Earth Kingdom,"['Arik', 'Korra', 'Druk']",
107,Korra,Water Tribe,"['Aang', 'Tonraq', 'Senna', 'Naga', 'Katara', 'Zuko', 'Kya', 'Tarrlok', 'Unalaq', 'Desna and Eska', 'Wu', 'Iroh', 'Suyin Beifong', 'Opal', 'Baatar', 'Amon', 'Aiwei', 'Kuvira', 'Sokka', 'Hotah', 'Kai', 'Ryu', 'Guan', 'Arnook', 'Hakoda', 'Kanna', 'Kuruk', 'Pakku', 'Yagoda', 'Roku', 'Hama']","('Waterbending', ' ', '', '', '', '')"
108,Koulin,Fire Nation,"['Rangi', 'Huazo', 'Kyoshi', 'Atuat', 'Chaeryu', 'Chaejin']","('Firebending', '', '', '', '', '')"
109,Kuei,Earth Kingdom,"['Aang', 'Katara', 'Bosco', 'Long Feng', 'Sokka', 'Appa', 'Ozai', 'Zuko', 'Azula', 'Toph Beifong', 'Ty Lee', 'Mai', 'Iroh', 'How', 'Gilak', 'Hakoda', 'Malina', 'Pakku', 'Kanna', 'Liling', 'Wu', 'Joo Dee']",
110,Kuji,Earth Kingdom,"['Kyoshi', 'Mok', 'Yangchen']",
111,Kunyo,Fire Nation,"['Zuko', 'Azula', 'Sokka', 'Ho Tun', 'Penga', 'The Dark One', 'Ozai', 'Toph Beifong']","('Firebending', '', '', '', '', '')"
112,Kuon,Earth Kingdom,['Korra'],"('Airbending', '', '', '', '', '')"
113,Kuruk,Water Tribe,"['Aang', 'Yangchen', 'Kyoshi', 'Ummi', 'Kelsang', 'Jianzhu', 'Nyahitha', 'Yun', 'Yingyong', 'Jinpa', 'Rangi', 'Roku', 'Azula', 'Ozai', 'Korra', 'Unalaq', 'Hakoda', 'Appa']","('Waterbending', 'earthbending', 'firebending', 'airbending', '', '')"
114,Kuvira,Earth Kingdom,"['Korra', 'Guan', 'Aiwei', 'Wu', 'Sheng', 'Suyin Beifong', 'Opal', 'Tonraq', 'Kai', 'Wei and Wing', 'Baatar', 'Huan', 'Aang', 'Zuko', 'Rhee']","('Earthbending', 'metalbending', '', '', '', '')"
115,Kuzon,Fire Nation,"['Aang', 'Appa', 'Katara', 'Zuko', 'Ran and Shaw']","('Firebending', '', '', '', '', '')"
116,Kwan,Fire Nation,"['Aang', 'Headmaster', 'On Ji', 'Hide', 'Fire Nation music teacher', 'Vachir', 'Sozin']",
117,Kya,Water Tribe,"['Aang', 'Katara', 'Iroh', 'Unalaq', 'Korra', 'Naga', 'Tonraq', 'Zhao', 'Desna and Eska', 'Laghima', 'Opal', 'Senna', 'Kuvira', 'Kanna', 'Pakku', 'Hakoda', 'Sokka']","('Waterbending', ' ', '', '', '', '')"
118,Kyoshi,Earth Kingdom,"['Aang', 'Kuruk', 'Roku', 'Rangi', 'Yun', 'Yangchen', 'Kelsang', 'Pengpeng', 'Wong', 'Lek', 'Kirima', 'Jinpa', 'Zoryu', 'Atuat', 'Nyahitha', 'Jianzhu', 'Mok', 'Wai', 'Xu Ping An', 'Chaejin', 'Huazo', 'Chin', 'Jesa', 'Hark', 'Aoma', 'Te Sihung', 'Dairin', 'Joonho', 'Suki', 'Kya', 'Korra', 'Azula', 'Ozai', 'Amon', 'Unalaq', 'Biyu', 'Sozin', 'Long Feng']","('Earthbending', 'firebending', 'airbending', 'waterbending', 'lavabending', '')"
119,La,Water Tribe,"['Tui', 'Yue', 'Aang', 'Katara', 'Iroh', 'Zhao', 'Zuko', 'Tarrlok']","('Waterbending', '', '', '', '', '')"
120,Laghima,Air Nomad,"['Yangchen', 'Korra']","('Airbending', '', '', '', '', '')"
121,Lee,Earth Kingdom,"['Zuko', 'Gansu', 'Sela', 'Sensu', 'Gow']",
122,Lek,Earth Kingdom,"['Kyoshi', 'Wong', 'Kirima', 'Rangi', 'Pengpeng', 'Jesa', 'Hark', 'Jianzhu', 'Sud', 'Te Sihung', 'Mok', 'Xu Ping An']","('Earthbending', '', '', '', '', '')"
123,Li,Fire Nation,"['Zhao', 'Ozai']",
124,Lian,Earth Kingdom,"['Yuan', 'Hiryu', 'Momo']",
125,Liling,Earth Kingdom,"['Ru', 'Yaling', 'Lao Beifong', 'Kuei', 'Aang', 'Kyoshi', 'Toph Beifong', 'Ozai', 'Korra']","('Earthbending', '', '', '', '', '')"
126,Lily,Earth Kingdom,"['Macao and Lily', 'Sokka', 'Chong', 'Moku', 'Katara', 'Aang', 'Appa', 'Suki']",
127,Lirin,Water Tribe,"['Gilak', 'Hakoda', 'Thod', 'Maliq', 'Malina', 'Kuei', 'Sokka', 'Katara', 'Zuko']",
128,Liva,Fire Nation,"['Sun Po', 'Azulon', 'Ozai']",
129,Loban,Fire Nation,"['Satoru', 'Lao Beifong', 'Toph Beifong', 'Aang', 'Kahchi', 'Vachir', 'Sokka', 'Katara']",
130,Lokai,Earth Kingdom,"['Onku', 'Juno', 'Momo', 'Appa', 'Katara', 'Sokka']",
131,Longshot,Earth Kingdom,"['Jet', 'Smellerbee', 'Aang', 'Katara', 'Sokka', 'Kuei', 'Long Feng', 'Kori Morishita', 'Sneers', 'The Duke', 'Pipsqueak', 'Zuko', 'Iroh', 'Appa', 'How']",
132,Mai,Fire Nation,"['Zuko', 'Kei Lo', 'Ukano', 'Michi', 'Azula', 'Ty Lee', 'Aang', 'Sokka', 'Katara', 'Suki', 'Bosco', 'Jin', 'Hakoda', 'Chit Sang', 'Ozai', 'Kori Morishita', 'Mura', 'Sozin', 'Kiyi', 'Mak']",
133,Mak,Fire Nation,"['Zuko', 'Kuei', 'Ukano', 'Mai']",
134,Malina,Water Tribe,"['Hakoda', 'Maliq', 'Katara', 'Sokka', 'Toph Beifong', 'Aang', 'Zuko', 'Kuei', 'Gilak', 'Kanna', 'Bosco', 'Thod', 'Pakku', 'Unalaq', 'Desna and Eska', 'Rafa and Misu']","('Waterbending', '', '', '', '', '')"
135,Maliq,Water Tribe,"['Malina', 'Hakoda', 'Gilak', 'Katara', 'Sokka', 'Tui', 'La', 'Ashuna', 'Kanna', 'Toph Beifong', 'Rafa and Misu']",
136,Malu,Fire Nation,"['Katara', 'Aang', 'Sokka']","('Firebending', '', '', '', '', '')"
137,Mechanist,Earth Kingdom,"['Teo', 'Aang', 'Katara', 'Sokka', 'Qin', 'Pipsqueak', 'The Duke', 'Appa', 'Zuko', 'Combustion Man', 'Ba Sing Se airship captain']",
138,Meilin,Earth Kingdom,"['Mingxia', 'Suki', 'Aang']",
139,Meng,Earth Kingdom,"['Aang', 'Katara', 'Sokka', 'Appa', 'Roku']",
140,Merchant,Earth Kingdom,"['Aang', 'Zhao']",
141,Michi,Fire Nation,"['Ukano', 'Ty Lee', 'Mai', 'Mura', 'Zuko', 'Azula', 'Aang', 'Katara', 'Sokka', 'Ozai']",
142,Ming,Fire Nation,"['Iroh', 'Poon']",
143,Mingxia,Earth Kingdom,"['Suki', 'Meilin', 'Oyaji', 'Kyoshi', 'Korra']",
144,Mirai,Earth Kingdom,['Lee'],"('Earthbending', '', '', '', '', '')"
145,Miyuki,Earth Kingdom,"['Herbalist', 'Aang', 'Katara', 'Sokka', 'June', 'Nyla']",
146,Mok,Earth Kingdom,"['Kyoshi', 'Xu Ping An', 'Wai', 'Jianzhu', 'Lek', 'Te Sihung', 'Rangi', 'Kirima', 'Wong']",
147,Moku,Earth Kingdom,"['Chong', 'Lily', 'Aang', 'Katara', 'Sokka', 'Appa', 'Momo', 'Suki']",
148,Momo,Air Nomad,"['Aang', 'Appa', 'Katara', 'Sokka', 'Zuko', 'Suki', 'Ozai', 'Azula', 'Zhao', 'Long Feng', 'Hawky', 'Naga', 'Gyatso', 'Great Sage', 'Yue', 'Tui', 'La', 'Tho', 'Huu', 'Zei', 'Mai', 'Ty Lee', 'Kuei', 'Bosco', 'Iroh', 'Pik and Pak']",
149,Mongke,Fire Nation,"['Ozai', 'Iroh', 'Loban', 'Lao Beifong', 'Zuko', 'Jet', 'Than', 'Ying', 'Sokka', 'Aang', 'Kahchi', 'Kyoshi', 'Katara', 'Junho']","('Firebending', '', '', '', '', '')"
150,Morishita,Fire Nation,"['Zuko', 'Kori Morishita', 'Kuei', 'Ozai', 'Aang']","('Firebending', '', '', '', '', '')"
151,Mui,Earth Kingdom,"['Kyoshi', 'Yun', 'Jianzhu', 'Kelsang', 'Rangi']",
152,Mung,Fire Nation,"['Katara', 'Aang']","('Firebending', '', '', '', '', '')"
153,Mura,Fire Nation,"['Mai', 'Michi', 'Kei Lo', 'Zuko', 'Ty Lee', 'Ukano']",
154,Naga,Water Tribe,"['Korra', 'Tonraq', 'Senna', 'Katara', 'Amon', 'Appa', 'Momo', 'Tarrlok', 'Aang', 'Hotah', 'Desna and Eska', 'Gun', 'Suyin Beifong', 'Aiwei', 'Yin', 'Kya', 'Kuvira', 'Nibbles', 'Wu', 'Toph Beifong', 'Guan']",
155,Naoki,Fire Nation,"['San', 'Yin', 'Chow', 'Tu']",
156,Nibbles,Earth Kingdom,"['Korra', 'Naga']",
157,Nini,Water Tribe,['Katara'],
158,Nishi,Fire Nation,"['Aang', 'Appa', 'Zuko']",
159,Niuan,Fire Nation,"['Sun Po', 'Azulon', 'Ozai']",
160,Niyok,Water Tribe,"['Nutha', 'Katara', 'Aang', 'Sokka', 'Xing Ying', 'Loban']",
161,Noa,Water Tribe,"['Hakoda', 'Kam', 'Malina', 'Maliq', 'Soonjei', 'Gilak', 'Katara', 'Toph Beifong']","('Waterbending', '', '', '', '', '')"
162,Noren,Fire Nation,"['Ursa', 'Kiyi', 'Ozai', 'Azulon', 'Zuko', 'Azula', 'Vachir', 'Sokka', 'Iroh', 'Guri']",
163,Nutha,Water Tribe,"['Katara', 'Niyok', 'Sokka', 'Toph Beifong', 'Loban', 'Aang']",
164,Nyahitha,Fire Nation,"['Kyoshi', 'Kuruk', 'Rangi', 'Atuat', 'Jinpa', 'Yangchen', 'Jianzhu', 'Kelsang', 'Huazo', 'Yun']","('Firebending', '', '', '', '', '')"
165,Nyla,Earth Kingdom,"['June', 'Zuko', 'Iroh', 'Appa', 'Aang', 'Katara', 'Ursa']",
166,Ogodei,Fire Nation,"['Zuko', 'Iroh', 'Jet', 'Than', 'Ying', 'Aang', 'Appa', 'Katara', 'Mongke', 'Ozai', 'Sokka', 'Kahchi', 'Toph Beifong', 'Loban', 'Lao Beifong', 'Xing Ying']",
167,Oh,Earth Kingdom,"['Sokka', 'Pirate captain', 'Zhao', 'Zuko', 'Katara', 'Aang', 'Iroh']",
168,Ohev,Earth Kingdom,"['Toph Beifong', 'Chong', 'Lily', 'Aang']",
169,Oma,Earth Kingdom,['Shu'],"('Earthbending', '', '', '', '', '')"
170,Onku,Earth Kingdom,"['Katara', 'Sokka', 'Lokai', 'Juno', 'Aang']","('Earthbending', '', '', '', '', '')"
171,Opal,Earth Kingdom,"['Korra', 'Huan', 'Baatar', 'Wei and Wing', 'Kuvira', 'Kya', 'Kai', 'Suyin Beifong', 'Toph Beifong', 'Ryu', 'Tonraq', 'Wu', 'Guan', 'Aang', 'Kyoshi']","('Airbending', '', '', '', '', '')"
172,Oyaji,Earth Kingdom,"['Suki', 'Aang', 'Katara', 'Sokka', 'Zuko', 'Mingxia', 'Kyoshi']",
173,Ozai,Fire Nation,"['Zuko', 'Azulon', 'Ursa', 'Azula', 'Zhao', 'Elua', 'Ukano', 'Iroh', 'Lu Ten', 'Izumi', 'Aang', 'Roku', 'Vachir', 'Kunyo', 'Sokka', 'Suki', 'Kuei', 'Qin', 'Morishita', 'Katara', 'Liling', 'Lao Beifong', 'Suyin Beifong', 'Long Feng']","('Firebending', ' ', '', '', '', '')"
174,Pakku,Water Tribe,"['Katara', 'Kanna', 'Aang', 'Sokka', 'Arnook', 'Zhao', 'Iroh', 'Piandao', 'Jeong Jeong', 'Zuko', 'Siku and Sura', 'Hakoda', 'Gilak', 'Malina', 'Maliq', 'Kuei', 'Bosco', 'Kya']","('Waterbending', ' ', '', '', '', '')"
175,Pao,Earth Kingdom,"['Quon', 'Iroh', 'Zuko', 'Jin', 'Jet']",
176,Pasang,Air Nomad,"['Gyatso', 'Aang', 'Tashi', 'Sozin']","('Airbending', '', '', '', '', '')"
177,Penga,Earth Kingdom,"['Ho Tun', 'The Dark One', 'Toph Beifong', 'Sokka', 'Kunyo', 'Gilak', 'Suki', 'Aang', 'Katara', 'Kuei', 'Hakoda', 'Malina']","('Earthbending', 'metalbending', '', '', '', '')"
178,Pengpeng,Air Nomad,"['Kelsang', 'Kyoshi', 'Yun', 'Rangi', 'Jianzhu']","('Airbending', '', '', '', '', '')"
179,Piandao,Fire Nation,"['Sokka', 'Fat', 'Ozai', 'Zuko', 'Aang', 'Iroh', 'Pakku', 'Jeong Jeong', 'Chey', 'Ty Lee', 'Chit Sang', 'Shoji', 'Ta Min']",
180,Pipsqueak,Earth Kingdom,"['Sokka', 'Jet', 'The Duke', 'Aang', 'Katara', 'Hakoda', 'Bato', 'Smellerbee', 'Appa', 'Ozai', 'Zuko']",
181,Pong,Earth Kingdom,"['Aang', 'Katara', 'Sokka', 'Long Feng', 'Joo Dee']",
182,Poon,Fire Nation,"['Iroh', 'Zuko']",
183,Professor,Earth Kingdom,"['Zei', 'Zuko', 'Kuei', 'Aang', 'Katara', 'Sokka']",
184,Qin,Fire Nation,"['Ozai', 'Azula', 'Aang', 'Katara', 'Sokka', 'Teo']",
185,Quon,Earth Kingdom,"['Pao', 'Iroh']",
186,Rangi,Fire Nation,"['Kyoshi', 'Kirima', 'Yun', 'Pengpeng', 'Wong', 'Lek', 'Jianzhu', 'Atuat', 'Jinpa', 'Zoryu', 'Mok', 'Wai', 'Xu Ping An', 'Koulin', 'Jeong Jeong', 'Kuruk', 'Aoma', 'Kelsang', 'Jesa', 'Te Sihung', 'Yingyong', 'Dairin', 'Chaeryu', 'Shing', 'Chaejin', 'Amak', 'Nyahitha', 'Huazo', 'Sanshur Keohso', 'Azula', 'Zuko']","('Firebending', '', '', '', '', '')"
187,Rhee,Earth Kingdom,"['Korra', 'Wu', 'Ling and Bak', 'Toph Beifong', 'Guan']",
188,Rin,Earth Kingdom,"['Kyoshi', 'Yun', 'Jianzhu', 'Rangi']",
189,Rini,Fire Nation,['Ozai'],"('Firebending', '', '', '', '', '')"
190,Roku,Fire Nation,"['Aang', 'Kyoshi', 'Ta Min', 'Fang', 'Gyatso', 'Sozin', 'Sud', 'Kaja', 'Ozai', 'Zhao', 'Shyu', 'Jeong Jeong', 'Fong', 'Azula', 'Zuko', 'Yangchen', 'Kuruk', 'Korra', 'Amon', 'Unalaq', 'Tui', 'Yue', 'Chin', 'Jet', 'Combustion Man']","('Firebending', 'airbending', 'waterbending', ' ', '', '')"
191,Ru,Earth Kingdom,"['Liling', 'Yaling', 'Aang', 'Toph Beifong', 'Lao Beifong', 'Sokka', 'Suki', 'Kuei', 'Zuko', 'Katara']","('Chi blocking', '', '', '', '', '')"
192,Ryu,Earth Kingdom,"['Korra', 'Kuvira', 'Kai', 'Gombo', 'Huan']","('Airbending', '', '', '', '', '')"
193,Saiful,Earth Kingdom,"['Jianzhu', 'Hui']",
194,San,Earth Kingdom,"['Chow', 'Naoki', 'Yin', 'Tu']",
195,Sangok,Water Tribe,"['Pakku', 'Katara']","('Waterbending', ' ', '', '', '', '')"
196,Satoru,Fire Nation,"['Loban', 'Lao Beifong', 'Ozai', 'Aang', 'Toph Beifong', 'Sokka', 'Katara', 'Kahchi', 'Liling', 'Suki']",
197,Seijir,Fire Nation,"['Toph Beifong', 'Loban', 'Lao Beifong', 'Aang', 'Utor', 'Junho']",
198,Sela,Earth Kingdom,"['Zuko', 'Gansu', 'Sensu', 'Lee', 'Gow']",
199,Senna,Water Tribe,"['Korra', 'Tonraq', 'Naga', 'Katara', 'Unalaq', 'White Lotus leader', 'Aang', 'Hotah', 'Kya', 'Kuvira']","('Waterbending', ' ', '', '', '', '')"
200,Sensu,Earth Kingdom,"['Sela', 'Zuko', 'Gansu', 'Lee']",
201,Shaman,Fire Nation,"['Karu', 'Korra', 'Unalaq']","('Firebending', '', '', '', '', '')"
202,Sheng,Earth Kingdom,"['Kuvira', 'Guan', 'Wu']",
203,Shing,Earth Kingdom,"['Kyoshi', 'Lu Beifong', 'Zoryu']",
204,Shinu,Fire Nation,"['Zhao', 'Bujing', 'Aang', 'Vachir', 'Ozai', 'Zuko']",
205,Sho,Fire Nation,"['Aang', 'Sokka', 'Combustion Man', 'Katara']",
206,Shoji,Fire Nation,"['Aang', 'On Ji', 'Hide', 'Headmaster', 'Kwan']",
207,Shu,Earth Kingdom,['Oma'],"('Earthbending', '', '', '', '', '')"
208,Shuzumu,Fire Nation,"['Ty Lee', 'Appa', 'Azula']",
209,Shyu,Fire Nation,"['Great Sage', 'Aang', 'Katara', 'Sokka', 'Zuko', 'Ozai', 'Zhao', 'Roku', 'Kaja']","('Firebending', '', '', '', '', '')"
210,Slim,Water Tribe,"['Due', 'Sokka', 'Tho', 'Huu']",
211,Smellerbee,Earth Kingdom,"['Longshot', 'Jet', 'Aang', 'Katara', 'Sokka', 'Long Feng', 'Kori Morishita', 'The Duke', 'Pipsqueak', 'Zuko', 'Appa', 'Sneers']",
212,Sneers,Earth Kingdom,"['Smellerbee', 'Kori Morishita', 'Jet', 'Pipsqueak', 'The Duke', 'Sokka', 'Aang', 'Katara', 'Longshot']",
213,Sokka,Water Tribe,"['Toph Beifong', 'Suki', 'Yue', 'Hakoda', 'Kanna', 'Katara', 'Pakku', 'Aang', 'Zuko', 'Appa', 'Momo', 'Hawky', 'Piandao', 'Tonraq', 'Korra', 'Ozai', 'Azula', 'Zhao', 'Long Feng', 'Combustion Man', 'Yon Rha', 'Hahn', 'Hama', 'Kunyo', 'Yakone', 'Iroh', 'Jet', 'Bato', 'Jeong Jeong', 'Qin', 'Teo', 'Arnook', 'La', 'Tui', 'Mai', 'Ty Lee', 'Fong', 'Chong', 'Lily', 'Moku', 'Kyoshi', 'Zei', 'Kuei', 'Chit Sang', 'Ho Tun', 'Penga', 'The Dark One', 'Noren', 'Kiyi', 'Lao Beifong', 'Maliq', 'Malina', 'Gilak', 'Thod', 'Liling', 'Ru', 'Yaling', 'Fat', 'Vachir', 'Kya', 'Tarrlok']",
214,Soonjei,Earth Kingdom,"['Hakoda', 'Kam', 'Malina', 'Maliq', 'Noa', 'Gilak', 'Katara', 'Sokka', 'Toph Beifong']","('Earthbending', '', '', '', '', '')"
215,Sozin,Fire Nation,"['Azulon', 'Roku', 'Iroh', 'Ozai', 'Lu Ten', 'Zuko', 'Azula', 'Aang', 'Ta Min', 'Fang', 'Kaja', 'Zoryu']","('Firebending', '', '', '', '', '')"
216,Star,Earth Kingdom,['Katara'],
217,Storyteller,Earth Kingdom,"['Sokka', 'Momo', 'Katara', 'Aang']",
218,Sud,Earth Kingdom,"['Roku', 'Wong', 'Lek', 'Toph Beifong']","('Earthbending', '', '', '', '', '')"
219,Suki,Earth Kingdom,"['Sokka', 'Oyaji', 'Mingxia', 'Jie', 'Katara', 'Aang', 'Biyu', 'Zuko', 'Appa', 'Momo', 'Mai', 'Ty Lee', 'Iroh', 'Ozai', 'Azula', 'Hakoda', 'Kyoshi', 'Meilin', 'Yue', 'June', 'Nyla', 'Mak', 'Kunyo', 'Jojan', 'Giya', 'Chong', 'Lily', 'Moku', 'Kei Lo', 'Noren', 'Kiyi', 'Ukano', 'Liling', 'Yaling', 'Ru', 'Lao Beifong', 'Than']",
220,Sulan,Fire Nation,"['Zoryu', 'Kyoshi', 'Chaeryu', 'Huazo', 'Chaejin']",
221,Sung,Earth Kingdom,"['Kuei', 'How', 'Aang', 'Long Feng', 'Azula', 'Iroh', 'Mai', 'Ty Lee']","('Earthbending', '', '', '', '', '')"
222,Suzu,Earth Kingdom,"['Aoma', 'Jae', 'Kyoshi', 'Rangi', 'Yun', 'Kuruk', 'Jianzhu', 'Kelsang']","('Earthbending', '', '', '', '', '')"
223,Szeto,Fire Nation,"['Dairin', 'Kyoshi', 'Yangchen', 'Aang', 'Roku', 'Korra', 'Unalaq']","('Firebending', 'airbending', 'waterbending', 'earthbending', 'lavabending', '')"
224,Tarrlok,Water Tribe,"['Korra', 'Yakone', 'Amon', 'Ozai', 'Fire Nation councilwoman', 'Unalaq', 'Azula', 'Long Feng', 'Sokka']","('Waterbending', ' ', '', '', '', '')"
225,Tashi,Air Nomad,"['Gyatso', 'Aang', 'Pasang', 'Sozin']","('Airbending', '', '', '', '', '')"
226,Teo,Earth Kingdom,"['Aang', 'Katara', 'Sokka', 'Appa', 'Haru', 'The Duke', 'Zuko', 'Qin', 'Azula', 'Hakoda', 'Chit Sang', 'Mechanist', 'Combustion Man']",
227,Than,Earth Kingdom,"['Ying', 'Hope', 'Aang', 'Zuko', 'Katara', 'Iroh', 'Azula']",
228,Tho,Water Tribe,"['Due', 'Huu', 'Slim', 'Momo', 'Appa', 'Aang', 'Katara', 'Sokka', 'Zuko']",
229,Thod,Water Tribe,"['Katara', 'Gilak', 'Lirin', 'Hakoda', 'Malina', 'Maliq', 'Kuei', 'Sokka', 'Noa', 'Zuko', 'Aang']","('Chi blocking', '', '', '', '', '')"
230,Tong,Earth Kingdom,"['Aang', 'Kyoshi', 'Chin', 'Sokka', 'Katara', 'Roku']",
231,Tonraq,Water Tribe,"['Korra', 'Senna', 'Zuko', 'Katara', 'Sokka', 'Suyin Beifong', 'Unalaq', 'Naga', 'Amon', 'Aang', 'Hotah', 'Druk', 'Kuvira', 'Kai', 'Kya', 'Wu', 'Opal', 'Iroh']","('Waterbending', ' ', '', '', '', '')"
232,Tu,Earth Kingdom,"['Chow', 'Yin', 'Wu', 'Korra', 'Naga', 'Kuvira', 'San', 'Naoki']","('Earthbending', '', '', '', '', '')"
233,Tui,Water Tribe,"['La', 'Yue', 'Katara', 'Aang', 'Iroh', 'Zhao', 'Arnook', 'Chin', 'Jet', 'Fang', 'Combustion Man', 'Tarrlok']","('Waterbending', '', '', '', '', '')"
234,Tuyen,Earth Kingdom,['Korra'],
235,Tycho,Earth Kingdom,"['Iroh', 'Joo Dee']",
236,Tyro,Earth Kingdom,"['Haru', 'Katara', 'Aang', 'Sokka', 'Hakoda', 'Ozai', 'Appa']","('Earthbending', '', '', '', '', '')"
237,Ukano,Fire Nation,"['Mai', 'Michi', 'Ozai', 'Azula', 'Zuko', 'Sokka', 'Aang', 'Kei Lo', 'Ursa', 'Iroh', 'Mura']",
238,Ummi,Water Tribe,"['Kuruk', 'Aang']",
239,Unalaq,Water Tribe,"['Korra', 'Tonraq', 'Desna and Eska', 'Hotah', 'Senna', 'Zuko', 'Amon', 'Ozai', 'Liling', 'Yakone', 'Xu Ping An', 'Yun', 'Tarrlok', 'Azulon']","('Waterbending', ' ', '', '', '', '')"
240,Ursa,Fire Nation,"['Zuko', 'Noren', 'Ozai', 'Jinzuk and Rina', 'Azula', 'Kiyi', 'Iroh', 'Lu Ten', 'Azulon', 'Roku', 'Ta Min', 'Elua', 'Mai', 'Ty Lee', 'Aang', 'Katara', 'Sokka', 'Suki', 'Ukano', 'Toph Beifong']",
241,Utor,Fire Nation,"['Ozai', 'Aang', 'Lao Beifong', 'Seijir', 'Junho']",
242,Vachir,Fire Nation,"['Ozai', 'Loban', 'Aang', 'Sokka', 'Katara', 'Zuko', 'Iroh', 'Jet', 'Kwan', 'Shinu', 'Than', 'Ying', 'Kahchi', 'Mongke']",
243,Visola,Water Tribe,"['Yahshi', 'Hiroshi', 'Katara']","('Waterbending', '', '', '', '', '')"
244,Wai,Earth Kingdom,"['Kyoshi', 'Xu Ping An', 'Mok', 'Jianzhu', 'Te Sihung', 'Lek', 'Rangi']",
245,Wei,Water Tribe,"['Wei and Wing', 'Hiryu', 'Zhao', 'Lian', 'Pakku']","('Waterbending', '', '', '', '', '')"
246,Wo,Earth Kingdom,"['Kyoshi', 'Mok']",
247,Wong,Earth Kingdom,"['Rangi', 'Lek', 'Kirima', 'Kyoshi', 'Jesa', 'Hark', 'Jinpa', 'Jianzhu', 'Yun', 'Sud', 'Pengpeng', 'Mok', 'Xu Ping An', 'Atuat', 'Kelsang']","('Earthbending', '', '', '', '', '')"
248,Wu,Earth Kingdom,"['Gun', 'Yin', 'Korra', 'Tu', 'Rhee', 'Toph Beifong', 'Kuvira', 'Guan', 'Sheng', 'Kuei', 'Izumi', 'Opal', 'Ling and Bak', 'Long Feng', 'Suyin Beifong', 'Zuko']",
249,Yagoda,Water Tribe,"['Katara', 'Kanna', 'Pakku', 'Yue', 'Arnook']",
250,Yahshi,Earth Kingdom,"['Visola', 'Hiroshi', 'Aang']",
251,Yakone,Water Tribe,"['Aang', 'Tarrlok', 'Katara', 'Sokka', 'Toph Beifong', 'Amon', 'Korra', 'Hama', 'Ozai', 'Long Feng', 'Unalaq']","('Waterbending', ' ', '', '', '', '')"
252,Yaling,Earth Kingdom,"['Toph Beifong', 'Liling', 'Ru', 'Aang', 'Kyoshi', 'Momo', 'Sokka', 'Suki']","('Earthbending', '', '', '', '', '')"
253,Yangchen,Air Nomad,"['Aang', 'Szeto', 'Kuruk', 'Kyoshi', 'Pik and Pak', 'Laghima', 'Yun', 'Jesa', 'Azula', 'Ozai', 'Korra', 'Unalaq']","('Airbending', 'waterbending', 'earthbending', 'firebending', '', '')"
254,Yin,Earth Kingdom,"['Jin', 'San', 'Tu', 'Chow', 'Wu', 'Korra', 'Naga', 'Naoki']",
255,Ying,Earth Kingdom,"['Aang', 'Than', 'Hope', 'Zuko', 'Katara', 'Iroh']",
256,Yingyong,Air Nomad,"['Jinpa', 'Kyoshi', 'Rangi', 'Atuat', 'Wong', 'Kirima', 'Yun', 'Yangchen', 'Kuruk', 'Huazo', 'Chaejin']","('Airbending', '', '', '', '', '')"
257,Yu,Earth Kingdom,"['Aang', 'Lao Beifong', 'Xin Fu', 'Toph Beifong', 'Zuko', 'Iroh', 'Fung']","('Earthbending', ' ', '', '', '', '')"
258,Yuan,Earth Kingdom,"['Huan', 'Lian', 'Tyro']","('Earthbending', '', '', '', '', '')"
259,Yue,Water Tribe,"['Hahn', 'Sokka', 'Tui', 'La', 'Arnook', 'Katara', 'Aang', 'Iroh', 'Appa', 'Zhao', 'Yagoda', 'Pakku', 'Zuko', 'Suki', 'Azula', 'Hope', 'Chin', 'Jet', 'Roku', 'Fang', 'Combustion Man']","('Waterbending', ' ', '', '', '', '')"
260,Yun,Earth Kingdom,"['Kyoshi', 'Jianzhu', 'Rangi', 'Kelsang', 'Pengpeng', 'Amak', 'Lu Beifong', 'Zoryu', 'Kirima', 'Wong', 'Jinpa', 'Kuruk', 'Yangchen', 'Aoma', 'Mui', 'Yingyong']","('Earthbending', '', '', '', '', '')"
261,Yung,Earth Kingdom,"['Kai', 'Korra', 'Dai Li sergeant']","('Airbending', '', '', '', '', '')"
262,Zei,Earth Kingdom,"['Aang', 'Appa', 'Katara', 'Sokka']",
263,Zenko,Earth Kingdom,"['Chio', 'Katara', 'Aang', 'Sokka', 'Appa']",
264,Zhao,Fire Nation,"['Ozai', 'Jeong Jeong', 'Aang', 'Katara', 'Iroh', 'Sokka', 'Zuko', 'La', 'Tui', 'Yue', 'Roku', 'Shyu', 'Shinu', 'Sozin', 'Hahn', 'Kya', 'Azula', 'Lin Yee', 'Long Feng', 'Combustion Man']","('Firebending', '', '', '', '', '')"
265,Zirin,Fire Nation,"['Azula', 'Ukano', 'Kiyi', 'Zuko']",
266,Zoryu,Fire Nation,"['Kyoshi', 'Chaeryu', 'Chaejin', 'Dairin', 'Rangi', 'Yun', 'Huazo', 'Sulan', 'Atuat', 'Lu Beifong', 'Sozin']","('Firebending', '', '', '', '', '')"
267,Zuko,Fire Nation,"['Katara', 'Azula', 'Kiyi', 'Aang', 'Jin', 'Mai', 'Iroh', 'Ursa', 'Izumi', 'Noren', 'Appa', 'Momo', 'Sokka', 'Suki', 'Hakoda', 'Ty Lee', 'June', 'Lu Ten', 'Druk', 'Tonraq', 'Korra', 'Azulon', 'Jet', 'Combustion Man', 'Zhao', 'Gow', 'Ukano', 'Ozai', 'Jeong Jeong', 'Piandao', 'Kunyo', 'Nyla', 'La', 'Long Feng', 'Yon Rha', 'Ember Island Players', 'Kori Morishita', 'Rafa and Misu', 'Kei Lo', 'Kuei', 'Gilak', 'Thod', 'Malina', 'Kanna', 'Pakku', 'Unalaq', 'Desna and Eska', 'Kuvira', 'Wu', 'Roku', 'Bujing', 'Vachir', 'Hawky']","('Firebending', ' ', '', '', '', '')"
