{"batchcomplete":"","warnings":{"main":{"*":"Unrecognized parameter: ()."},"categorymembers":{"*":"\"cmlimit\" may not be over 500 (set to 3000) for users."}},"query":{"categorymembers":[{"pageid":62,"ns":0,"title":"Aang"},{"pageid":9699,"ns":0,"title":"Aang (games)"},{"pageid":284190,"ns":0,"title":"Aang (pilot)"},{"pageid":3433,"ns":0,"title":"Afiko"},{"pageid":3373,"ns":0,"title":"Air Nomad boy"},{"pageid":118,"ns":0,"title":"Appa"},{"pageid":3628,"ns":0,"title":"Appa's mother"},{"pageid":1493,"ns":0,"title":"Gyatso"},{"pageid":1859,"ns":0,"title":"Iio"},{"pageid":1384785,"ns":0,"title":"Jesa"},{"pageid":3371,"ns":0,"title":"Jinju"},{"pageid":1386137,"ns":0,"title":"Jinpa"},{"pageid":1383771,"ns":0,"title":"Kelsang"},{"pageid":1242798,"ns":0,"title":"Laghima"},{"pageid":4008,"ns":0,"title":"Malu (airbender)"},{"pageid":1184989,"ns":0,"title":"Momo"},{"pageid":2338,"ns":0,"title":"Pasang"},{"pageid":1386116,"ns":0,"title":"Pengpeng"},{"pageid":1355639,"ns":0,"title":"Pik and Pak"},{"pageid":1253437,"ns":0,"title":"Tang Xu"},{"pageid":3313,"ns":0,"title":"Tashi"},{"pageid":1905,"ns":0,"title":"Yangchen"},{"pageid":1398471,"ns":0,"title":"Yingyong"},{"pageid":232947,"ns":14,"title":"Category:Elders"}]}}