{"batchcomplete":"","warnings":{"main":{"*":"Unrecognized parameter: ()."},"categorymembers":{"*":"\"cmlimit\" may not be over 500 (set to 3000) for users."}},"query":{"categorymembers":[{"pageid":2357,"ns":0,"title":"46th Earth King"},{"pageid":1246933,"ns":0,"title":"Aiwei"},{"pageid":4476,"ns":0,"title":"Animal control officer"},{"pageid":1384543,"ns":0,"title":"Aoma"},{"pageid":1259316,"ns":0,"title":"Arik"},{"pageid":1259472,"ns":0,"title":"Ba Sing Se airship captain"},{"pageid":1259486,"ns":0,"title":"Ba Sing Se airship co-pilot"},{"pageid":297269,"ns":0,"title":"Ba Sing Se University student"},{"pageid":1246911,"ns":0,"title":"Baatar"},{"pageid":1251714,"ns":0,"title":"Baatar Jr."},{"pageid":1288759,"ns":0,"title":"Baraz and Ahnah"},{"pageid":1288761,"ns":0,"title":"Bathroom attendant"},{"pageid":3224,"ns":0,"title":"The Big Bad Hippo"},{"pageid":1412113,"ns":0,"title":"Biyu"},{"pageid":2261,"ns":0,"title":"Bosco"},{"pageid":2275,"ns":0,"title":"The Boulder"},{"pageid":145503,"ns":0,"title":"Broadsword man"},{"pageid":3455,"ns":0,"title":"Bumi (King of Omashu)"},{"pageid":4888,"ns":0,"title":"Bumi's advisor"},{"pageid":2216,"ns":0,"title":"Cabbage merchant"},{"pageid":4439,"ns":0,"title":"Calm man"},{"pageid":2399,"ns":0,"title":"Canyon guide"},{"pageid":4386,"ns":0,"title":"Captured agent"},{"pageid":1754,"ns":0,"title":"Chin"},{"pageid":1387839,"ns":0,"title":"Chio"},{"pageid":2187,"ns":0,"title":"Chong"},{"pageid":1242980,"ns":0,"title":"Chow"},{"pageid":248630,"ns":0,"title":"Corncob guy"},{"pageid":1247061,"ns":0,"title":"Dai Li sergeant"},{"pageid":373489,"ns":0,"title":"The Dark One"},{"pageid":2866,"ns":0,"title":"The Duke"},{"pageid":1408962,"ns":0,"title":"Earth Empire fugitives"},{"pageid":4428,"ns":0,"title":"Earthbender captain"},{"pageid":385063,"ns":0,"title":"Earthbending academy teenagers"},{"pageid":222175,"ns":0,"title":"Farmer and wife"},{"pageid":1413017,"ns":0,"title":"Feng (waitress)"},{"pageid":310487,"ns":0,"title":"Fire Nation Man"},{"pageid":6626,"ns":0,"title":"Fisherman"},{"pageid":10675,"ns":0,"title":"Fisherman's wife"},{"pageid":1287004,"ns":0,"title":"Fishmonger"},{"pageid":43,"ns":0,"title":"Flopsie"},{"pageid":26805,"ns":0,"title":"Fluffykins"},{"pageid":236692,"ns":0,"title":"Flyer distribution man"},{"pageid":1755,"ns":0,"title":"Foaming mouth guy"},{"pageid":1962,"ns":0,"title":"Fong"},{"pageid":5085,"ns":0,"title":"Foo Foo Cuddlypoops"},{"pageid":2340,"ns":0,"title":"Fung"},{"pageid":786412,"ns":0,"title":"Gan Jin leader"},{"pageid":786567,"ns":0,"title":"Gan Jin tribesman"},{"pageid":1251736,"ns":0,"title":"Ganbat"},{"pageid":2668,"ns":0,"title":"Gansu"},{"pageid":4232,"ns":0,"title":"The Gecko"},{"pageid":2331,"ns":0,"title":"Ghashiun"},{"pageid":1242987,"ns":0,"title":"Gombo"},{"pageid":4041,"ns":0,"title":"The Gopher"},{"pageid":1278173,"ns":0,"title":"Governor of Yi"},{"pageid":2673,"ns":0,"title":"Gow"},{"pageid":1383976,"ns":0,"title":"Guan"},{"pageid":1393296,"ns":0,"title":"Guan (outlaw)"},{"pageid":1289204,"ns":0,"title":"Guard post officer"},{"pageid":1288764,"ns":0,"title":"Guard post soldier"},{"pageid":1242886,"ns":0,"title":"Gun"},{"pageid":1251703,"ns":0,"title":"Guo"},{"pageid":1387180,"ns":0,"title":"Hark"},{"pageid":1974,"ns":0,"title":"Haru"},{"pageid":940977,"ns":0,"title":"Haru (games)"},{"pageid":3580,"ns":0,"title":"Haru's mother"},{"pageid":6620,"ns":0,"title":"Head of the Dai Li"},{"pageid":4233,"ns":0,"title":"Headhunter"},{"pageid":917631,"ns":0,"title":"Hei-Won"},{"pageid":2882,"ns":0,"title":"Herbalist"},{"pageid":91994,"ns":0,"title":"Hiroshi"},{"pageid":370456,"ns":0,"title":"Ho Tun"},{"pageid":1251467,"ns":0,"title":"Hong Li"},{"pageid":2255,"ns":0,"title":"Hope"},{"pageid":1242668,"ns":0,"title":"Hou-Ting"},{"pageid":1315108,"ns":0,"title":"Hou-Ting's prisoner"},{"pageid":2650,"ns":0,"title":"How"},{"pageid":1246921,"ns":0,"title":"Huan"},{"pageid":1387789,"ns":0,"title":"Hui"},{"pageid":1254508,"ns":0,"title":"Innkeeper"},{"pageid":1408937,"ns":0,"title":"Jae"},{"pageid":153,"ns":0,"title":"Jet"},{"pageid":1405064,"ns":0,"title":"Jiang"},{"pageid":1384839,"ns":0,"title":"Jianzhu"},{"pageid":1412761,"ns":0,"title":"Jie"},{"pageid":1758,"ns":0,"title":"Jin"},{"pageid":8530,"ns":0,"title":"Jin Wei"},{"pageid":15192,"ns":0,"title":"Jin Wei (games)"},{"pageid":4009,"ns":0,"title":"Jojo"},{"pageid":850446,"ns":0,"title":"Joo Dee"},{"pageid":4050,"ns":0,"title":"June"},{"pageid":105487,"ns":0,"title":"Juno"},{"pageid":1242594,"ns":0,"title":"Kai"},{"pageid":4426,"ns":0,"title":"Kay-fon"},{"pageid":12981,"ns":0,"title":"Kaya (village girl)"},{"pageid":2102,"ns":0,"title":"Kenji"},{"pageid":1385006,"ns":0,"title":"Kirima"},{"pageid":2184,"ns":0,"title":"Koko"},{"pageid":1259460,"ns":0,"title":"Kong"},{"pageid":2044,"ns":0,"title":"Kuei"},{"pageid":1407998,"ns":0,"title":"Kuji"},{"pageid":1243692,"ns":0,"title":"Kuon"},{"pageid":1251490,"ns":0,"title":"Kuvira"},{"pageid":1497,"ns":0,"title":"Kyoshi"},{"pageid":1287016,"ns":0,"title":"Lady Tienhai's husband"},{"pageid":2293,"ns":0,"title":"Lao Beifong"},{"pageid":2670,"ns":0,"title":"Lee"},{"pageid":1387297,"ns":0,"title":"Lee (servant)"},{"pageid":1385114,"ns":0,"title":"Lek"},{"pageid":1407910,"ns":0,"title":"Li (guardsman)"},{"pageid":1413018,"ns":0,"title":"Li-Mei"},{"pageid":4885,"ns":0,"title":"Lian"},{"pageid":1381584,"ns":0,"title":"Liling"},{"pageid":2353,"ns":0,"title":"Lily"},{"pageid":5301,"ns":0,"title":"Lin Yee"},{"pageid":1384641,"ns":0,"title":"Ling and Bak"},{"pageid":105428,"ns":0,"title":"Lokai"},{"pageid":1797,"ns":0,"title":"Long Feng"},{"pageid":2262,"ns":0,"title":"Longshot"},{"pageid":1386710,"ns":0,"title":"Lu Beifong"},{"pageid":1254094,"ns":0,"title":"Macao and Lily"},{"pageid":2178,"ns":0,"title":"Macmu-Ling"},{"pageid":2029,"ns":0,"title":"Mechanist"},{"pageid":1412793,"ns":0,"title":"Meilin"},{"pageid":200,"ns":0,"title":"Meng"},{"pageid":204697,"ns":0,"title":"Merchant"},{"pageid":1412773,"ns":0,"title":"Mingxia"},{"pageid":1408938,"ns":0,"title":"Mirai"},{"pageid":1496,"ns":0,"title":"Miyuki"},{"pageid":1391179,"ns":0,"title":"Mok"},{"pageid":4052,"ns":0,"title":"Moku"},{"pageid":2844,"ns":0,"title":"Mother Superior"},{"pageid":369978,"ns":0,"title":"Mrs. Morishita"},{"pageid":1386762,"ns":0,"title":"Mui"},{"pageid":1409232,"ns":0,"title":"Nibbles"},{"pageid":5646,"ns":0,"title":"Nyla"},{"pageid":4203,"ns":0,"title":"Oh"},{"pageid":7875,"ns":0,"title":"Ohev"},{"pageid":4236,"ns":0,"title":"Old Sweepy"},{"pageid":2085,"ns":0,"title":"Oma"},{"pageid":105483,"ns":0,"title":"Onku"},{"pageid":1246894,"ns":0,"title":"Opal"},{"pageid":224869,"ns":0,"title":"Organ grinder"},{"pageid":1284498,"ns":0,"title":"Outpost soldiers"},{"pageid":2121,"ns":0,"title":"Oyaji"},{"pageid":2688,"ns":0,"title":"Pao"},{"pageid":6070,"ns":0,"title":"Passport attendant"},{"pageid":373495,"ns":0,"title":"Penga"},{"pageid":301403,"ns":0,"title":"Pet shop owner"},{"pageid":2867,"ns":0,"title":"Pipsqueak"},{"pageid":4440,"ns":0,"title":"Poi and Ping"},{"pageid":4005,"ns":0,"title":"Pong"},{"pageid":3705,"ns":0,"title":"Poppy Beifong"},{"pageid":1091735,"ns":0,"title":"Professor"},{"pageid":5458,"ns":0,"title":"Pu-on Tim"},{"pageid":2685,"ns":0,"title":"Quon"},{"pageid":1260140,"ns":0,"title":"Radio operator"},{"pageid":1387972,"ns":0,"title":"Rhee"},{"pageid":1387425,"ns":0,"title":"Rin"},{"pageid":13145,"ns":0,"title":"Royal messenger"},{"pageid":1384398,"ns":0,"title":"Ru"},{"pageid":1243705,"ns":0,"title":"Ryu"},{"pageid":1290427,"ns":0,"title":"Ryu's mother"},{"pageid":1393100,"ns":0,"title":"Saiful"},{"pageid":1242624,"ns":0,"title":"San"},{"pageid":4983,"ns":0,"title":"Scary prisoner"},{"pageid":2665,"ns":0,"title":"Sela"},{"pageid":4427,"ns":0,"title":"Senlin Village leader"},{"pageid":229441,"ns":0,"title":"Sensitive ruffian"},{"pageid":3894,"ns":0,"title":"Sensu"},{"pageid":2333,"ns":0,"title":"Sha-Mo"},{"pageid":1387819,"ns":0,"title":"Sheng"},{"pageid":1398043,"ns":0,"title":"Shing"},{"pageid":2087,"ns":0,"title":"Shu"},{"pageid":2239,"ns":0,"title":"Smellerbee"},{"pageid":2935,"ns":0,"title":"Sneers"},{"pageid":3081,"ns":0,"title":"Song (villager)"},{"pageid":215690,"ns":0,"title":"Song's mother"},{"pageid":1359269,"ns":0,"title":"Soonjei"},{"pageid":2180,"ns":0,"title":"Star"},{"pageid":838800,"ns":0,"title":"Storyteller"},{"pageid":4314,"ns":0,"title":"Sud"},{"pageid":1750,"ns":0,"title":"Suki"},{"pageid":2653,"ns":0,"title":"Sung"},{"pageid":1246592,"ns":0,"title":"Suyin Beifong"},{"pageid":1247478,"ns":0,"title":"Suyin's chef"},{"pageid":1408929,"ns":0,"title":"Suzu"},{"pageid":1386709,"ns":0,"title":"Te Sihung"},{"pageid":2128,"ns":0,"title":"Teo"},{"pageid":2251,"ns":0,"title":"Than"},{"pageid":231239,"ns":0,"title":"Than's sister"},{"pageid":6073,"ns":0,"title":"Ticket woman"},{"pageid":2229,"ns":0,"title":"Tong"},{"pageid":1013955,"ns":0,"title":"Toph Beifong"},{"pageid":370622,"ns":0,"title":"Toph Beifong (games)"},{"pageid":1242982,"ns":0,"title":"Tu"},{"pageid":1407331,"ns":0,"title":"Tu (criminal)"},{"pageid":1284763,"ns":0,"title":"Tuyen"},{"pageid":4475,"ns":0,"title":"Tycho"},{"pageid":2195,"ns":0,"title":"Tyro"},{"pageid":251153,"ns":0,"title":"Unnamed Earth Kingdom boys"},{"pageid":1393325,"ns":0,"title":"Wai"},{"pageid":1246918,"ns":0,"title":"Wei and Wing"},{"pageid":8533,"ns":0,"title":"Wei Jin"},{"pageid":1393165,"ns":0,"title":"Wo"},{"pageid":917634,"ns":0,"title":"Won-Yee"},{"pageid":1385122,"ns":0,"title":"Wong"},{"pageid":1278118,"ns":0,"title":"Wu"},{"pageid":186,"ns":0,"title":"Wu (fortuneteller)"},{"pageid":2302,"ns":0,"title":"Xin Fu"},{"pageid":917632,"ns":0,"title":"Xing Ying"},{"pageid":1385569,"ns":0,"title":"Xu Ping An"},{"pageid":92023,"ns":0,"title":"Yahshi"},{"pageid":1381818,"ns":0,"title":"Yaling"},{"pageid":917633,"ns":0,"title":"Yee-Li"},{"pageid":4365,"ns":0,"title":"Yi Ming"},{"pageid":1242908,"ns":0,"title":"Yin"},{"pageid":2247,"ns":0,"title":"Ying"},{"pageid":2175,"ns":0,"title":"Yu"},{"pageid":13167,"ns":0,"title":"Yuan"},{"pageid":1385013,"ns":0,"title":"Yun"},{"pageid":1246875,"ns":0,"title":"Yung"},{"pageid":2738,"ns":0,"title":"Yung (captain)"},{"pageid":2297,"ns":0,"title":"Zei"},{"pageid":1387841,"ns":0,"title":"Zenko"},{"pageid":786500,"ns":0,"title":"Zhang leader"},{"pageid":315135,"ns":14,"title":"Category:Earth Rumble fighters"}]}}