{"batchcomplete":"","warnings":{"main":{"*":"Unrecognized parameter: ()."},"categorymembers":{"*":"\"cmlimit\" may not be over 500 (set to 3000) for users."}},"query":{"categorymembers":[{"pageid":1653,"ns":0,"title":"Azula"},{"pageid":807977,"ns":0,"title":"Azula (games)"},{"pageid":7910,"ns":0,"title":"Azula's ship captain"},{"pageid":1960,"ns":0,"title":"Azulon"},{"pageid":1412648,"ns":0,"title":"Bai"},{"pageid":6483,"ns":0,"title":"Banished servant"},{"pageid":3690,"ns":0,"title":"Bujing"},{"pageid":5426,"ns":0,"title":"Bully guard"},{"pageid":1398055,"ns":0,"title":"Chaejin"},{"pageid":1398045,"ns":0,"title":"Chaeryu"},{"pageid":2843,"ns":0,"title":"Chan"},{"pageid":3589,"ns":0,"title":"Chan (Fire Nation admiral)"},{"pageid":2878,"ns":0,"title":"Chey"},{"pageid":4133,"ns":0,"title":"Chit Sang"},{"pageid":235402,"ns":0,"title":"Chit Sang's friend"},{"pageid":235151,"ns":0,"title":"Chit Sang's girlfriend"},{"pageid":4190,"ns":0,"title":"Circus trainer"},{"pageid":2846,"ns":0,"title":"Combustion Man"},{"pageid":1398040,"ns":0,"title":"Dairin"},{"pageid":2972,"ns":0,"title":"Dealer"},{"pageid":3364,"ns":0,"title":"Ding"},{"pageid":2603,"ns":0,"title":"Dock/Xu/Bushi"},{"pageid":1246824,"ns":0,"title":"Druk"},{"pageid":1052134,"ns":0,"title":"Elua"},{"pageid":5456,"ns":0,"title":"Ember Island Players"},{"pageid":1412646,"ns":0,"title":"Fai Lan"},{"pageid":2896,"ns":0,"title":"Fang"},{"pageid":2726,"ns":0,"title":"Fat"},{"pageid":1400899,"ns":0,"title":"Female prison guard"},{"pageid":6617,"ns":0,"title":"Fire Nation airship captain"},{"pageid":238579,"ns":0,"title":"Fire Nation bar patron"},{"pageid":238577,"ns":0,"title":"Fire Nation bar patron's friend"},{"pageid":252099,"ns":0,"title":"Fire Nation company leader"},{"pageid":649953,"ns":0,"title":"Fire Nation councilwoman"},{"pageid":2505,"ns":0,"title":"Fire Nation music teacher"},{"pageid":316909,"ns":0,"title":"Fire Nation train conductor"},{"pageid":236070,"ns":0,"title":"Fire Nation train engineer"},{"pageid":4491,"ns":0,"title":"Fire Navy officer"},{"pageid":1235048,"ns":0,"title":"Giya"},{"pageid":1412633,"ns":0,"title":"Gong"},{"pageid":4430,"ns":0,"title":"Great Sage"},{"pageid":250782,"ns":0,"title":"Green dragon"},{"pageid":225139,"ns":0,"title":"Guard captain"},{"pageid":1339649,"ns":0,"title":"Guri"},{"pageid":4179,"ns":0,"title":"Ham Ghao"},{"pageid":2968,"ns":0,"title":"Hawky"},{"pageid":2502,"ns":0,"title":"Headmaster"},{"pageid":1385652,"ns":0,"title":"Hei-Ran"},{"pageid":2492,"ns":0,"title":"Hide"},{"pageid":1404475,"ns":0,"title":"Hing"},{"pageid":1398035,"ns":0,"title":"Huazo"},{"pageid":137,"ns":0,"title":"Iroh"},{"pageid":643414,"ns":0,"title":"Iroh (United Forces general)"},{"pageid":1283985,"ns":0,"title":"Izumi"},{"pageid":4890,"ns":0,"title":"Jailer"},{"pageid":4497,"ns":0,"title":"Jang Hui boy"},{"pageid":3423,"ns":0,"title":"Jee"},{"pageid":168,"ns":0,"title":"Jeong Jeong"},{"pageid":1052136,"ns":0,"title":"Jinzuk and Rina"},{"pageid":1235049,"ns":0,"title":"Jojan"},{"pageid":1410273,"ns":0,"title":"Joonho"},{"pageid":1408836,"ns":0,"title":"Junho"},{"pageid":2714,"ns":0,"title":"Kahchi"},{"pageid":2676,"ns":0,"title":"Kaja"},{"pageid":1182412,"ns":0,"title":"Karu"},{"pageid":1081843,"ns":0,"title":"Kei Lo"},{"pageid":1122832,"ns":0,"title":"Kiyi"},{"pageid":369771,"ns":0,"title":"Kori Morishita"},{"pageid":1398020,"ns":0,"title":"Koulin"},{"pageid":573178,"ns":0,"title":"Kunyo"},{"pageid":2594,"ns":0,"title":"Kuzon"},{"pageid":2499,"ns":0,"title":"Kwan"},{"pageid":4297,"ns":0,"title":"Li"},{"pageid":1412639,"ns":0,"title":"Liva"},{"pageid":2513,"ns":0,"title":"Lo and Li"},{"pageid":1228977,"ns":0,"title":"Loban"},{"pageid":226463,"ns":0,"title":"Lowly guard"},{"pageid":1759,"ns":0,"title":"Lu Ten"},{"pageid":1798,"ns":0,"title":"Mai"},{"pageid":573351,"ns":0,"title":"Mak"},{"pageid":4454,"ns":0,"title":"Malu"},{"pageid":2224,"ns":0,"title":"Michi"},{"pageid":3268,"ns":0,"title":"Ming"},{"pageid":235465,"ns":0,"title":"Ming-Ming"},{"pageid":235467,"ns":0,"title":"Ming-Ming's grandmother"},{"pageid":2306,"ns":0,"title":"Mongke"},{"pageid":369968,"ns":0,"title":"Morishita"},{"pageid":369978,"ns":0,"title":"Mrs. Morishita"},{"pageid":2608,"ns":0,"title":"Mung"},{"pageid":1081855,"ns":0,"title":"Mura"},{"pageid":1401349,"ns":0,"title":"Naoki"},{"pageid":369940,"ns":0,"title":"Nishi"},{"pageid":1412647,"ns":0,"title":"Niuan"},{"pageid":1051360,"ns":0,"title":"Noren"},{"pageid":1398017,"ns":0,"title":"Nyahitha"},{"pageid":2696,"ns":0,"title":"Ogodei"},{"pageid":4579,"ns":0,"title":"Old Fire Nation civilian"},{"pageid":2496,"ns":0,"title":"On Ji"},{"pageid":1402075,"ns":0,"title":"Overconfident Fire Nation soldier"},{"pageid":96,"ns":0,"title":"Ozai"},{"pageid":2692,"ns":0,"title":"Piandao"},{"pageid":4202,"ns":0,"title":"Pirate captain"},{"pageid":4504,"ns":0,"title":"Poon"},{"pageid":1342546,"ns":0,"title":"Prison rig captain"},{"pageid":12310,"ns":0,"title":"Qin Lee"},{"pageid":2027,"ns":0,"title":"Qin"},{"pageid":3546,"ns":0,"title":"Ran and Shaw"},{"pageid":1384152,"ns":0,"title":"Rangi"},{"pageid":1412655,"ns":0,"title":"Rini"},{"pageid":126,"ns":0,"title":"Roku"},{"pageid":2845,"ns":0,"title":"Ruon-Jian"},{"pageid":1235050,"ns":0,"title":"San (vendor)"},{"pageid":1398022,"ns":0,"title":"Sanshur Keohso"},{"pageid":1227272,"ns":0,"title":"Satoru"},{"pageid":1408831,"ns":0,"title":"Seijir"},{"pageid":1182082,"ns":0,"title":"Shaman"},{"pageid":3421,"ns":0,"title":"Shinu"},{"pageid":235440,"ns":0,"title":"Sho"},{"pageid":2555,"ns":0,"title":"Shoji"},{"pageid":4188,"ns":0,"title":"Shuzumu"},{"pageid":2091,"ns":0,"title":"Shyu"},{"pageid":13180,"ns":0,"title":"Southern Raiders commander"},{"pageid":1961,"ns":0,"title":"Sozin"},{"pageid":3615,"ns":0,"title":"Sozin's dragon"},{"pageid":1408137,"ns":0,"title":"Sozin's father"},{"pageid":1398054,"ns":0,"title":"Sulan"},{"pageid":1412658,"ns":0,"title":"Sun Po"},{"pageid":4178,"ns":0,"title":"Sun Warrior chief"},{"pageid":1338073,"ns":0,"title":"Sung (constable)"},{"pageid":2324,"ns":0,"title":"Szeto"},{"pageid":2895,"ns":0,"title":"Ta Min"},{"pageid":161763,"ns":0,"title":"Tax collector"},{"pageid":2220,"ns":0,"title":"Tom-Tom"},{"pageid":226470,"ns":0,"title":"Tough criminal"},{"pageid":2971,"ns":0,"title":"Town authority"},{"pageid":1793,"ns":0,"title":"Ty Lee"},{"pageid":2226,"ns":0,"title":"Ukano"},{"pageid":215800,"ns":0,"title":"Unnamed Fire Nation boy"},{"pageid":2115,"ns":0,"title":"Ursa"},{"pageid":1244291,"ns":0,"title":"Utor"},{"pageid":2710,"ns":0,"title":"Vachir"},{"pageid":4134,"ns":0,"title":"Warden (Boiling Rock)"},{"pageid":4210,"ns":0,"title":"Warden (prison rig)"},{"pageid":4502,"ns":0,"title":"Weapons store shopkeeper"},{"pageid":4332,"ns":0,"title":"Yao (vendor)"},{"pageid":2699,"ns":0,"title":"Yeh-Lu"},{"pageid":5438,"ns":0,"title":"Yon Rha"},{"pageid":5837,"ns":0,"title":"Yon Rha's mother"},{"pageid":1400322,"ns":0,"title":"Yun's impostor"},{"pageid":159,"ns":0,"title":"Zhao"},{"pageid":1404441,"ns":0,"title":"Zirin"},{"pageid":1391751,"ns":0,"title":"Zoryu"},{"pageid":90,"ns":0,"title":"Zuko"},{"pageid":103796,"ns":0,"title":"Zuko (games)"},{"pageid":284197,"ns":0,"title":"Zuko (pilot)"},{"pageid":221541,"ns":14,"title":"Category:Fire Nation Royal Family"}]}}