{"batchcomplete":"","warnings":{"main":{"*":"Unrecognized parameter: ()."},"categorymembers":{"*":"\"cmlimit\" may not be over 500 (set to 3000) for users."}},"query":{"categorymembers":[{"pageid":1386708,"ns":0,"title":"Amak"},{"pageid":251669,"ns":0,"title":"Amon"},{"pageid":1862,"ns":0,"title":"Arnook"},{"pageid":1338094,"ns":0,"title":"Ashuna"},{"pageid":1398016,"ns":0,"title":"Atuat"},{"pageid":1872,"ns":0,"title":"Bato"},{"pageid":759546,"ns":0,"title":"Desna and Eska"},{"pageid":2167,"ns":0,"title":"Due"},{"pageid":1354199,"ns":0,"title":"Gilak"},{"pageid":1498,"ns":0,"title":"Hahn"},{"pageid":1796,"ns":0,"title":"Hakoda"},{"pageid":2961,"ns":0,"title":"Hama"},{"pageid":15188,"ns":0,"title":"Hiryu"},{"pageid":1171325,"ns":0,"title":"Hotah"},{"pageid":2170,"ns":0,"title":"Huu"},{"pageid":759506,"ns":0,"title":"Iknik Blackstone Varrick"},{"pageid":1359293,"ns":0,"title":"Kam"},{"pageid":58,"ns":0,"title":"Kanna"},{"pageid":61,"ns":0,"title":"Katara"},{"pageid":26881,"ns":0,"title":"Katara (games)"},{"pageid":4010,"ns":0,"title":"Kinto"},{"pageid":1385006,"ns":0,"title":"Kirima"},{"pageid":40924,"ns":0,"title":"Korra"},{"pageid":1913,"ns":0,"title":"Kuruk"},{"pageid":428053,"ns":0,"title":"Kya"},{"pageid":4043,"ns":0,"title":"Kya (nonbender)"},{"pageid":284201,"ns":0,"title":"Kya (pilot)"},{"pageid":2869,"ns":0,"title":"La"},{"pageid":1387333,"ns":0,"title":"Lirin"},{"pageid":1353006,"ns":0,"title":"Malina"},{"pageid":1353021,"ns":0,"title":"Maliq"},{"pageid":15240,"ns":0,"title":"Ming (games)"},{"pageid":250170,"ns":0,"title":"Naga"},{"pageid":6890,"ns":0,"title":"Nini"},{"pageid":1227187,"ns":0,"title":"Niyok"},{"pageid":1359289,"ns":0,"title":"Noa"},{"pageid":1227190,"ns":0,"title":"Nutha"},{"pageid":205,"ns":0,"title":"Pakku"},{"pageid":1122814,"ns":0,"title":"Rafa and Misu"},{"pageid":4103,"ns":0,"title":"Roku's waterbending master"},{"pageid":2198,"ns":0,"title":"Sangok"},{"pageid":777876,"ns":0,"title":"Senna"},{"pageid":1362447,"ns":0,"title":"Siku and Sura"},{"pageid":5869,"ns":0,"title":"Slim"},{"pageid":59,"ns":0,"title":"Sokka"},{"pageid":793312,"ns":0,"title":"Sokka (games)"},{"pageid":284207,"ns":0,"title":"Sokka (pilot)"},{"pageid":602316,"ns":0,"title":"Southern Water Tribe boy"},{"pageid":227261,"ns":0,"title":"Southern Water Tribe girl"},{"pageid":440814,"ns":0,"title":"Tarrlok"},{"pageid":2142,"ns":0,"title":"Tho"},{"pageid":1362538,"ns":0,"title":"Thod"},{"pageid":1362361,"ns":0,"title":"Thod's disciples"},{"pageid":777888,"ns":0,"title":"Tonraq"},{"pageid":2369,"ns":0,"title":"Tui"},{"pageid":2466,"ns":0,"title":"Ummi"},{"pageid":758947,"ns":0,"title":"Unalaq"},{"pageid":92000,"ns":0,"title":"Visola"},{"pageid":117761,"ns":0,"title":"Wei"},{"pageid":423011,"ns":0,"title":"White Lotus leader"},{"pageid":1408501,"ns":112,"title":"Fanon:The Winter Moon"},{"pageid":1881,"ns":0,"title":"Yagoda"},{"pageid":487361,"ns":0,"title":"Yakone"},{"pageid":697966,"ns":0,"title":"Yakone's wife"},{"pageid":204,"ns":0,"title":"Yue"},{"pageid":1354086,"ns":14,"title":"Category:Foggy Swamp Tribe characters"},{"pageid":1354084,"ns":14,"title":"Category:Northern Water Tribe characters"},{"pageid":1354085,"ns":14,"title":"Category:Southern Water Tribe characters"}]}}